"variant","age","ylo","yhi","cancer_type"
"U2AF1_S34F",21,3233932092450.76,44932481179491,"AML"
"U2AF1_S34F",21.2240802675585,3322568357565.44,45107046229343.7,"AML"
"U2AF1_S34F",21.4481605351171,3399098888892.01,45268435493252.2,"AML"
"U2AF1_S34F",21.6722408026756,3477934534986.95,45424070936647.5,"AML"
"U2AF1_S34F",21.8963210702341,3558585242527.33,45616350472453.7,"AML"
"U2AF1_S34F",22.1204013377926,3643284973216.96,45801607682293.5,"AML"
"U2AF1_S34F",22.3444816053512,3733674935661.04,45990834764146.3,"AML"
"U2AF1_S34F",22.5685618729097,3831751227136.87,46176748714180.1,"AML"
"U2AF1_S34F",22.7926421404682,3917129105283.52,46305447899355.4,"AML"
"U2AF1_S34F",23.0167224080268,4007302457333.56,46411162146411.4,"AML"
"U2AF1_S34F",23.2408026755853,4094669383987.24,46571190576331.6,"AML"
"U2AF1_S34F",23.4648829431438,4186124465723.1,46685042359525.9,"AML"
"U2AF1_S34F",23.6889632107023,4279551338677.82,46823844763326.4,"AML"
"U2AF1_S34F",23.9130434782609,4374989319978.68,47012543713595.9,"AML"
"U2AF1_S34F",24.1371237458194,4478703698015.81,47197629222675.6,"AML"
"U2AF1_S34F",24.3612040133779,4582201844295.55,47360193143811.2,"AML"
"U2AF1_S34F",24.5852842809365,4684114397919.9,47502289295819.6,"AML"
"U2AF1_S34F",24.809364548495,4797335302188.34,47647304230378.3,"AML"
"U2AF1_S34F",25.0334448160535,4915341822564.78,47770006230387.2,"AML"
"U2AF1_S34F",25.257525083612,5017846943956.77,47911344968060,"AML"
"U2AF1_S34F",25.4816053511706,5117106684987.66,48031692679583.1,"AML"
"U2AF1_S34F",25.7056856187291,5229911477133.69,48152996065843.9,"AML"
"U2AF1_S34F",25.9297658862876,5348696072965.46,48344388023760.7,"AML"
"U2AF1_S34F",26.1538461538462,5468585137963.81,48537828920394.3,"AML"
"U2AF1_S34F",26.3779264214047,5590398076455.33,48706838244072.7,"AML"
"U2AF1_S34F",26.6020066889632,5720616820679.6,48872181354148.4,"AML"
"U2AF1_S34F",26.8260869565217,5849944914346.11,49008821219888.5,"AML"
"U2AF1_S34F",27.0501672240803,5998153915339.11,49161250365814.2,"AML"
"U2AF1_S34F",27.2742474916388,6119138464912.85,49310759082565.4,"AML"
"U2AF1_S34F",27.4983277591973,6261679641617.76,49441571103824.2,"AML"
"U2AF1_S34F",27.7224080267559,6404775810652.27,49623803443470.8,"AML"
"U2AF1_S34F",27.9464882943144,6542134277752.24,49805026459366.4,"AML"
"U2AF1_S34F",28.1705685618729,6685529764980.09,49944311658749.2,"AML"
"U2AF1_S34F",28.3946488294314,6823041051493.18,50084104001333.3,"AML"
"U2AF1_S34F",28.61872909699,6988398842030.47,50240777311067.2,"AML"
"U2AF1_S34F",28.8428093645485,7144489889015.02,50340955365317.6,"AML"
"U2AF1_S34F",29.066889632107,7303828479173.64,50458195080441.2,"AML"
"U2AF1_S34F",29.2909698996656,7466436661995.78,50636774495073,"AML"
"U2AF1_S34F",29.5150501672241,7632476069338.18,50769072092218.2,"AML"
"U2AF1_S34F",29.7391304347826,7808668218179.23,50908488839994.6,"AML"
"U2AF1_S34F",29.9632107023411,7985156470677.04,51068952211446.7,"AML"
"U2AF1_S34F",30.1872909698997,8167440522123.35,51266926175163.8,"AML"
"U2AF1_S34F",30.4113712374582,8337836397232.68,51435198069792,"AML"
"U2AF1_S34F",30.6354515050167,8514964189183.21,51608010704606.6,"AML"
"U2AF1_S34F",30.8595317725753,8702368785451.01,51798778214600.5,"AML"
"U2AF1_S34F",31.0836120401338,8894028141178.19,52005908006229.1,"AML"
"U2AF1_S34F",31.3076923076923,9102690027033.15,52171351392258.9,"AML"
"U2AF1_S34F",31.5317725752508,9302355349108.47,52314336656504.4,"AML"
"U2AF1_S34F",31.7558528428094,9490349201408.37,52556025462967.6,"AML"
"U2AF1_S34F",31.9799331103679,9697239785110.85,52802801684037.6,"AML"
"U2AF1_S34F",32.2040133779264,9916586062784.8,53007222582664.3,"AML"
"U2AF1_S34F",32.4280936454849,10134664270625.2,53153379025978,"AML"
"U2AF1_S34F",32.6521739130435,10368243898313.5,53295949474558.9,"AML"
"U2AF1_S34F",32.876254180602,10588105679260.3,53441775454715.8,"AML"
"U2AF1_S34F",33.1003344481605,10790648100335.4,53614976463256.1,"AML"
"U2AF1_S34F",33.3244147157191,11023187005693.1,53850107721627.7,"AML"
"U2AF1_S34F",33.5484949832776,11263199343685.8,53997769389006.5,"AML"
"U2AF1_S34F",33.7725752508361,11467997055090,54157963857183.5,"AML"
"U2AF1_S34F",33.9966555183946,11683866837274.2,54319536089172.2,"AML"
"U2AF1_S34F",34.2207357859532,11935684362400.7,54468547708248.5,"AML"
"U2AF1_S34F",34.4448160535117,12178518301359.1,54679740942253.1,"AML"
"U2AF1_S34F",34.6688963210702,12455670610849.4,54886493442247.1,"AML"
"U2AF1_S34F",34.8929765886288,12734762444077.2,55083196190916,"AML"
"U2AF1_S34F",35.1170568561873,12980769131772.6,55225065119406.4,"AML"
"U2AF1_S34F",35.3411371237458,13217495614084.8,55415215611945.4,"AML"
"U2AF1_S34F",35.5652173913043,13520906941843.3,55647106400823,"AML"
"U2AF1_S34F",35.7892976588629,13759721335398.5,55860388268827.8,"AML"
"U2AF1_S34F",36.0133779264214,14023139143481.8,56047215953335.2,"AML"
"U2AF1_S34F",36.2374581939799,14311214674963.3,56210396472019.7,"AML"
"U2AF1_S34F",36.4615384615385,14609216550608.3,56377438195905.3,"AML"
"U2AF1_S34F",36.685618729097,14912254590129.1,56507425243202.9,"AML"
"U2AF1_S34F",36.9096989966555,15207757526014.8,56728068031038.5,"AML"
"U2AF1_S34F",37.133779264214,15495458433134.3,56897400493804,"AML"
"U2AF1_S34F",37.3578595317726,15756514556990.1,57129501433156.6,"AML"
"U2AF1_S34F",37.5819397993311,16017482244534.1,57374037169428.8,"AML"
"U2AF1_S34F",37.8060200668896,16355147365061.2,57616599238541.8,"AML"
"U2AF1_S34F",38.0301003344482,16692160000539.8,57858726808474.5,"AML"
"U2AF1_S34F",38.2541806020067,17010566974070.7,58082567447069.6,"AML"
"U2AF1_S34F",38.4782608695652,17338991156996.2,58286854483391.2,"AML"
"U2AF1_S34F",38.7023411371237,17637227388289.3,58449471516980.8,"AML"
"U2AF1_S34F",38.9264214046823,17967249320947.9,58614076820127.7,"AML"
"U2AF1_S34F",39.1505016722408,18315925775255.3,58809420756520.2,"AML"
"U2AF1_S34F",39.3745819397993,18682922986116.4,59094184119922.7,"AML"
"U2AF1_S34F",39.5986622073579,19046960598922.3,59299293674790.6,"AML"
"U2AF1_S34F",39.8227424749164,19352533991073.3,59564943284482.5,"AML"
"U2AF1_S34F",40.0468227424749,19790234829148.9,59766149013225.7,"AML"
"U2AF1_S34F",40.2709030100334,20134657850361.7,59968683459039.7,"AML"
"U2AF1_S34F",40.494983277592,20486032636738.9,60126689230807.7,"AML"
"U2AF1_S34F",40.7190635451505,20903034576095.1,60377215046547.8,"AML"
"U2AF1_S34F",40.943143812709,21280552997773.5,60611712674844.2,"AML"
"U2AF1_S34F",41.1672240802676,21613490795381.1,60844122056469,"AML"
"U2AF1_S34F",41.3913043478261,21966478321770.6,61136339559689.6,"AML"
"U2AF1_S34F",41.6153846153846,22354108412475.7,61333619561809.2,"AML"
"U2AF1_S34F",41.8394648829431,22752423280858.1,61550163699433.7,"AML"
"U2AF1_S34F",42.0635451505017,23086457931000.4,61757369433322.6,"AML"
"U2AF1_S34F",42.2876254180602,23487079163771.5,62033645470540.7,"AML"
"U2AF1_S34F",42.5117056856187,23856221482137,62259690351133.6,"AML"
"U2AF1_S34F",42.7357859531773,24295593911281.7,62493313646141.4,"AML"
"U2AF1_S34F",42.9598662207358,24681153721035.3,62788019990665.3,"AML"
"U2AF1_S34F",43.1839464882943,25081718223781,63044288810312.8,"AML"
"U2AF1_S34F",43.4080267558528,25487028377625.9,63305714555343.4,"AML"
"U2AF1_S34F",43.6321070234114,25847878079754.7,63559638411615.1,"AML"
"U2AF1_S34F",43.8561872909699,26187433286521.1,63753404446834.5,"AML"
"U2AF1_S34F",44.0802675585284,26556481219933,64032871785781.9,"AML"
"U2AF1_S34F",44.304347826087,26926793373531.1,64334188337181,"AML"
"U2AF1_S34F",44.5284280936455,27337606205388.5,64584874139584.9,"AML"
"U2AF1_S34F",44.752508361204,27746260236139.8,64848493293429.2,"AML"
"U2AF1_S34F",44.9765886287625,28152017498701.5,65074200425056,"AML"
"U2AF1_S34F",45.2006688963211,28580238605844.3,65367176159592,"AML"
"U2AF1_S34F",45.4247491638796,29011126691808.7,65566692563131.7,"AML"
"U2AF1_S34F",45.6488294314381,29424666200709,65852826910250.1,"AML"
"U2AF1_S34F",45.8729096989967,29821127044478.5,66143894801085.3,"AML"
"U2AF1_S34F",46.0969899665552,30275022985273.2,66352685416479,"AML"
"U2AF1_S34F",46.3210702341137,30703883144304.9,66563654686631.6,"AML"
"U2AF1_S34F",46.5451505016722,31187775946715.7,66815495797473.5,"AML"
"U2AF1_S34F",46.7692307692308,31628586060272,67066904651599.2,"AML"
"U2AF1_S34F",46.9933110367893,32042051798877.4,67463521434932.4,"AML"
"U2AF1_S34F",47.2173913043478,32540692936102.7,67752285232577.7,"AML"
"U2AF1_S34F",47.4414715719063,32979152552410.5,68064732646853.6,"AML"
"U2AF1_S34F",47.6655518394649,33422539380837.3,68298210073908,"AML"
"U2AF1_S34F",47.8896321070234,33936011672697.2,68634414673844.8,"AML"
"U2AF1_S34F",48.1137123745819,34414597062214,68949296891060.9,"AML"
"U2AF1_S34F",48.3377926421405,34874498070375.1,69179096695119.1,"AML"
"U2AF1_S34F",48.561872909699,35274967603865.4,69433756165562.8,"AML"
"U2AF1_S34F",48.7859531772575,35759740353102.6,69672649732426.7,"AML"
"U2AF1_S34F",49.0100334448161,36217988254545.6,69959684468040.7,"AML"
"U2AF1_S34F",49.2341137123746,36707599936988.8,70227627729847.1,"AML"
"U2AF1_S34F",49.4581939799331,37112350770684.3,70509102901674.4,"AML"
"U2AF1_S34F",49.6822742474916,37623473933571.6,70848376258154.4,"AML"
"U2AF1_S34F",49.9063545150502,38089364588923.4,71132566113082.3,"AML"
"U2AF1_S34F",50.1304347826087,38519480715242.4,71427028761707,"AML"
"U2AF1_S34F",50.3545150501672,39046220983111.9,71690884773761,"AML"
"U2AF1_S34F",50.5785953177257,39435578087637.4,72023273327718,"AML"
"U2AF1_S34F",50.8026755852843,39934353399512.8,72336636322012.2,"AML"
"U2AF1_S34F",51.0267558528428,40372280834510.7,72631772487649.3,"AML"
"U2AF1_S34F",51.2508361204013,40837630276125.7,72892013843109.1,"AML"
"U2AF1_S34F",51.4749163879599,41344392769901,73197494156595.5,"AML"
"U2AF1_S34F",51.6989966555184,41800454851122.2,73512709828318.2,"AML"
"U2AF1_S34F",51.9230769230769,42287084357682.7,73875797143577.2,"AML"
"U2AF1_S34F",52.1471571906355,42725275662300.8,74185289026948.1,"AML"
"U2AF1_S34F",52.371237458194,43110567724644.2,74498281840723.7,"AML"
"U2AF1_S34F",52.5953177257525,43576752112756.6,74817369453963.7,"AML"
"U2AF1_S34F",52.819397993311,44014571384228.5,75217856465837.6,"AML"
"U2AF1_S34F",53.0434782608696,44489737892524,75537947222571,"AML"
"U2AF1_S34F",53.2675585284281,44956956050485.2,75864565587693.4,"AML"
"U2AF1_S34F",53.4916387959866,45385973790909.5,76114431115321,"AML"
"U2AF1_S34F",53.7157190635452,45777738902160.6,76492561441497.8,"AML"
"U2AF1_S34F",53.9397993311037,46180353449526.6,76899935628003.6,"AML"
"U2AF1_S34F",54.1638795986622,46595842175323.8,77190350400426.7,"AML"
"U2AF1_S34F",54.3879598662207,46991327869552.9,77551202333857.8,"AML"
"U2AF1_S34F",54.6120401337793,47395126466726.2,77862748379513.2,"AML"
"U2AF1_S34F",54.8361204013378,47805514489808,78193112331371.8,"AML"
"U2AF1_S34F",55.0602006688963,48281979646085.1,78501214251665.8,"AML"
"U2AF1_S34F",55.2842809364548,48756945482813.5,78852910067895.5,"AML"
"U2AF1_S34F",55.5083612040134,49237320959312.9,79169849841681.7,"AML"
"U2AF1_S34F",55.7324414715719,49616507877937.2,79492618778824.2,"AML"
"U2AF1_S34F",55.9565217391304,50109047880566.6,79784524447944.6,"AML"
"U2AF1_S34F",56.180602006689,50512818185829.6,80099977659575,"AML"
"U2AF1_S34F",56.4046822742475,50847970145360.9,80418284565090.5,"AML"
"U2AF1_S34F",56.628762541806,51182350674789.9,80770695677469.1,"AML"
"U2AF1_S34F",56.8528428093645,51561855738205.7,81091322456969.2,"AML"
"U2AF1_S34F",57.0769230769231,51943033423495.6,81389421375979.1,"AML"
"U2AF1_S34F",57.3010033444816,52346230934564.5,81721628385853.1,"AML"
"U2AF1_S34F",57.5250836120401,52697762319946.8,82026367767248.4,"AML"
"U2AF1_S34F",57.7491638795987,53071221711602.5,82458433660979.5,"AML"
"U2AF1_S34F",57.9732441471572,53387511839986.4,82827826357500.3,"AML"
"U2AF1_S34F",58.1973244147157,53746322201253.1,83208901528517.2,"AML"
"U2AF1_S34F",58.4214046822742,54101808311248.4,83525256909286.4,"AML"
"U2AF1_S34F",58.6454849498328,54493559189745.4,83904880944352.6,"AML"
"U2AF1_S34F",58.8695652173913,54890017712471.3,84297953519786.1,"AML"
"U2AF1_S34F",59.0936454849498,55231051689000.5,84646475470472.6,"AML"
"U2AF1_S34F",59.3177257525084,55530278534405,85012283012174.4,"AML"
"U2AF1_S34F",59.5418060200669,55828711234368.2,85376169279200.9,"AML"
"U2AF1_S34F",59.7658862876254,56172858156164.4,85737519816352.7,"AML"
"U2AF1_S34F",59.9899665551839,56488087721943.5,86120385697463.1,"AML"
"U2AF1_S34F",60.2140468227425,56790217371885.1,86562572117821.8,"AML"
"U2AF1_S34F",60.438127090301,57047036500119.4,86919467771081.8,"AML"
"U2AF1_S34F",60.6622073578595,57342482959927.4,87286058623020.1,"AML"
"U2AF1_S34F",60.8862876254181,57580335106473.5,87642299097259.6,"AML"
"U2AF1_S34F",61.1103678929766,57854615641476.9,88024920137748.8,"AML"
"U2AF1_S34F",61.3344481605351,58143890233180.1,88446555162720.8,"AML"
"U2AF1_S34F",61.5585284280936,58442356449261.8,88831156766930.6,"AML"
"U2AF1_S34F",61.7826086956522,58717840944432,89246222325591.8,"AML"
"U2AF1_S34F",62.0066889632107,59026755088706.5,89680584063517.1,"AML"
"U2AF1_S34F",62.2307692307692,59263420699215.1,90021335059765,"AML"
"U2AF1_S34F",62.4548494983278,59497298106368.5,90413937375577.6,"AML"
"U2AF1_S34F",62.6789297658863,59780932792431.6,90796406867578.4,"AML"
"U2AF1_S34F",62.9030100334448,60019304591667.9,91099547919919.7,"AML"
"U2AF1_S34F",63.1270903010033,60291617853575.5,91454059152819.3,"AML"
"U2AF1_S34F",63.3511705685619,60558164350504.5,91761591938941,"AML"
"U2AF1_S34F",63.5752508361204,60800689306564.6,92210903773200.1,"AML"
"U2AF1_S34F",63.7993311036789,61051960090728.9,92513437522516.8,"AML"
"U2AF1_S34F",64.0234113712375,61296404537512.2,92862299171299.8,"AML"
"U2AF1_S34F",64.247491638796,61506319077370.2,93265604421407.5,"AML"
"U2AF1_S34F",64.4715719063545,61715408233018.5,93695196941782.1,"AML"
"U2AF1_S34F",64.695652173913,61914899272022.8,94108210892447.9,"AML"
"U2AF1_S34F",64.9197324414716,62135108550776.2,94486569133876.3,"AML"
"U2AF1_S34F",65.1438127090301,62351603925245.9,94907542142324.9,"AML"
"U2AF1_S34F",65.3678929765886,62555168427554.3,95230443289152.8,"AML"
"U2AF1_S34F",65.5919732441472,62756609032047.4,95576049904335.5,"AML"
"U2AF1_S34F",65.8160535117057,62953505459204.1,96004493856439.2,"AML"
"U2AF1_S34F",66.0401337792642,63126111305184.7,96438784795888.2,"AML"
"U2AF1_S34F",66.2642140468227,63298057373235.9,96829503986822.9,"AML"
"U2AF1_S34F",66.4882943143813,63495889133779.2,97250718935789.4,"AML"
"U2AF1_S34F",66.7123745819398,63695954395027.4,97644063370901.2,"AML"
"U2AF1_S34F",66.9364548494983,63906031252694.8,98106002946713.8,"AML"
"U2AF1_S34F",67.1605351170569,64107522928231,98495470733258.7,"AML"
"U2AF1_S34F",67.3846153846154,64327998881217.1,98891468099007.2,"AML"
"U2AF1_S34F",67.6086956521739,64497358711948.4,99263327589069.4,"AML"
"U2AF1_S34F",67.8327759197324,64669306295068,99760575300102.7,"AML"
"U2AF1_S34F",68.056856187291,64816235308455.4,100199534720246,"AML"
"U2AF1_S34F",68.2809364548495,65006371654637,100506359644345,"AML"
"U2AF1_S34F",68.505016722408,65196277401941.9,101031551578914,"AML"
"U2AF1_S34F",68.7290969899665,65344476397699.3,101378683793648,"AML"
"U2AF1_S34F",68.9531772575251,65556276646103.8,101834501597016,"AML"
"U2AF1_S34F",69.1772575250836,65734225890647.8,102341857874017,"AML"
"U2AF1_S34F",69.4013377926421,65892420462370.1,102826172512382,"AML"
"U2AF1_S34F",69.6254180602007,66050096597532.5,103222663094297,"AML"
"U2AF1_S34F",69.8494983277592,66169165957027.5,103718633543362,"AML"
"U2AF1_S34F",70.0735785953177,66299280015789.8,104214144504816,"AML"
"U2AF1_S34F",70.2976588628763,66486096130516,104704294545928,"AML"
"U2AF1_S34F",70.5217391304348,66702152783194,105180828155498,"AML"
"U2AF1_S34F",70.7458193979933,66858479391232.9,105645592614884,"AML"
"U2AF1_S34F",70.9698996655518,66964355822174.8,106109657964768,"AML"
"U2AF1_S34F",71.1939799331104,67082258908471.3,106474969057402,"AML"
"U2AF1_S34F",71.4180602006689,67221428045795.2,106914943157639,"AML"
"U2AF1_S34F",71.6421404682274,67369874222148.7,107388020083368,"AML"
"U2AF1_S34F",71.866220735786,67525678866652.9,107807094047016,"AML"
"U2AF1_S34F",72.0903010033445,67661282172299.9,108126468951812,"AML"
"U2AF1_S34F",72.314381270903,67811278014333.5,108535308476531,"AML"
"U2AF1_S34F",72.5384615384615,67951621572231,109063715903008,"AML"
"U2AF1_S34F",72.7625418060201,68087564458236.6,109437178652726,"AML"
"U2AF1_S34F",72.9866220735786,68185142240998.5,109913646229654,"AML"
"U2AF1_S34F",73.2107023411371,68284040382278.5,110381706952035,"AML"
"U2AF1_S34F",73.4347826086957,68405314374490.5,110812951851784,"AML"
"U2AF1_S34F",73.6588628762542,68552359218186,111157051058910,"AML"
"U2AF1_S34F",73.8829431438127,68665111236480.9,111619023994467,"AML"
"U2AF1_S34F",74.1070234113712,68783743589138.8,112063481802709,"AML"
"U2AF1_S34F",74.3311036789298,68912564778852.8,112413006920569,"AML"
"U2AF1_S34F",74.5551839464883,69036422550013.7,112795134995980,"AML"
"U2AF1_S34F",74.7792642140468,69112989148137.7,113193074701402,"AML"
"U2AF1_S34F",75.0033444816054,69210313273466,113588860270229,"AML"
"U2AF1_S34F",75.2274247491639,69332010066674.8,114025801673860,"AML"
"U2AF1_S34F",75.4515050167224,69456145242124.4,114448255878085,"AML"
"U2AF1_S34F",75.6755852842809,69554703306777.4,114858226742067,"AML"
"U2AF1_S34F",75.8996655518395,69624681592513.4,115280199738181,"AML"
"U2AF1_S34F",76.123745819398,69708772900246.2,115662308563669,"AML"
"U2AF1_S34F",76.3478260869565,69840605483484.5,116135882317053,"AML"
"U2AF1_S34F",76.5719063545151,69911266076410.8,116530881397971,"AML"
"U2AF1_S34F",76.7959866220736,70067030854982.5,116910864336104,"AML"
"U2AF1_S34F",77.0200668896321,70166702629115.8,117288885652131,"AML"
"U2AF1_S34F",77.2441471571906,70258509269106.7,117634189929608,"AML"
"U2AF1_S34F",77.4682274247492,70358916282821.8,117977146375776,"AML"
"U2AF1_S34F",77.6923076923077,70455171085330.4,118317796954426,"AML"
"U2AF1_S34F",77.9163879598662,70512151009890,118711507519402,"AML"
"U2AF1_S34F",78.1404682274247,70590103645811,119124374030987,"AML"
"U2AF1_S34F",78.3645484949833,70698196626247.5,119494971792222,"AML"
"U2AF1_S34F",78.5886287625418,70791675202441.1,119853772373997,"AML"
"U2AF1_S34F",78.8127090301003,70884209282544.9,120195495448758,"AML"
"U2AF1_S34F",79.0367892976589,70965421937174.2,120639079035246,"AML"
"U2AF1_S34F",79.2608695652174,71023638499423.7,121105044110756,"AML"
"U2AF1_S34F",79.4849498327759,71115818131302.2,121513010593008,"AML"
"U2AF1_S34F",79.7090301003344,71210956998664.2,121867216321036,"AML"
"U2AF1_S34F",79.933110367893,71255976723781.6,122218612353115,"AML"
"U2AF1_S34F",80.1571906354515,71307201941128.6,122553899022928,"AML"
"U2AF1_S34F",80.38127090301,71369135113044.2,122887276881765,"AML"
"U2AF1_S34F",80.6053511705686,71431487110884.1,123237784262705,"AML"
"U2AF1_S34F",80.8294314381271,71512320094349.2,123555399977195,"AML"
"U2AF1_S34F",81.0535117056856,71581459154350.5,123875915535995,"AML"
"U2AF1_S34F",81.2775919732441,71650392262357.2,124201617519254,"AML"
"U2AF1_S34F",81.5016722408027,71734961858806.8,124512238915649,"AML"
"U2AF1_S34F",81.7257525083612,71823580165908.2,124802637106097,"AML"
"U2AF1_S34F",81.9498327759197,71851708492123.2,125137259131000,"AML"
"U2AF1_S34F",82.1739130434783,71914750952911.8,125496427880965,"AML"
"U2AF1_S34F",82.3979933110368,71942787309382.9,125802282859913,"AML"
"U2AF1_S34F",82.6220735785953,72024586197248.9,126115254161166,"AML"
"U2AF1_S34F",82.8461538461538,72112259921364,126427409947322,"AML"
"U2AF1_S34F",83.0702341137124,72174425059165.1,126786436211142,"AML"
"U2AF1_S34F",83.2943143812709,72232207936472.8,127123207725767,"AML"
"U2AF1_S34F",83.5183946488294,72304764842367.1,127396983443224,"AML"
"U2AF1_S34F",83.7424749163879,72324905306623.7,127724208796239,"AML"
"U2AF1_S34F",83.9665551839465,72350134046005.9,128039246297897,"AML"
"U2AF1_S34F",84.190635451505,72409297690744.8,128306989448984,"AML"
"U2AF1_S34F",84.4147157190635,72471235132556.6,128598283008014,"AML"
"U2AF1_S34F",84.6387959866221,72514897927130.7,128905451461092,"AML"
"U2AF1_S34F",84.8628762541806,72577189285066.3,129179298835079,"AML"
"U2AF1_S34F",85.0869565217391,72619700441918.1,129450153577311,"AML"
"U2AF1_S34F",85.3110367892977,72635094912364.1,129739309539141,"AML"
"U2AF1_S34F",85.5351170568562,72719818171004.1,130029011514010,"AML"
"U2AF1_S34F",85.7591973244147,72765645138778.1,130320501080326,"AML"
"U2AF1_S34F",85.9832775919732,72783173024551.7,130610376006062,"AML"
"U2AF1_S34F",86.2073578595318,72809979930491.8,130876477371120,"AML"
"U2AF1_S34F",86.4314381270903,72897080785384.8,131157558537914,"AML"
"U2AF1_S34F",86.6555183946488,72921339931303.7,131409709761752,"AML"
"U2AF1_S34F",86.8795986622074,72967513677597,131615085299681,"AML"
"U2AF1_S34F",87.1036789297659,73018955164029.2,131805881640657,"AML"
"U2AF1_S34F",87.3277591973244,73093294096299.3,132022012269382,"AML"
"U2AF1_S34F",87.5518394648829,73150213710208.5,132294369583719,"AML"
"U2AF1_S34F",87.7759197324415,73181333444152.4,132536366646980,"AML"
"U2AF1_S34F",88,73234249242224.3,132854654878894,"AML"
"U2AF1_Q157P",46.5270362765229,4590103462629.76,23309800500387.3,"AML"
"U2AF1_Q157P",46.6749900993272,4660531434342.25,23471939983482.1,"AML"
"U2AF1_Q157P",46.8229439221315,4732039830827.47,23626604242857.3,"AML"
"U2AF1_Q157P",46.9708977449357,4804645221073.66,23776507235306.2,"AML"
"U2AF1_Q157P",47.11885156774,4878364427990.37,23929012186290.1,"AML"
"U2AF1_Q157P",47.2668053905443,4953214532294.4,24084174367089.8,"AML"
"U2AF1_Q157P",47.4147592133486,5028126649982.82,24248923000531.5,"AML"
"U2AF1_Q157P",47.5627130361529,5102848141880.54,24439842077974.8,"AML"
"U2AF1_Q157P",47.7106668589572,5181149645978.81,24627104993226.7,"AML"
"U2AF1_Q157P",47.8586206817614,5260652475939.79,24796930003549.3,"AML"
"U2AF1_Q157P",48.0065745045657,5337657584976.06,24948048436354.2,"AML"
"U2AF1_Q157P",48.15452832737,5415688069749.11,25145048485094.6,"AML"
"U2AF1_Q157P",48.3024821501743,5495123241314.94,25330213718747.8,"AML"
"U2AF1_Q157P",48.4504359729786,5578131611275.66,25510261366726.8,"AML"
"U2AF1_Q157P",48.5983897957829,5665474005030.97,25696345009645.4,"AML"
"U2AF1_Q157P",48.7463436185871,5758406870414.59,25884177280499.6,"AML"
"U2AF1_Q157P",48.8942974413914,5846629901040.35,26075827441463.7,"AML"
"U2AF1_Q157P",49.0422512641957,5935115858761.64,26272811950150.3,"AML"
"U2AF1_Q157P",49.190205087,6022614648278.09,26440623343557.2,"AML"
"U2AF1_Q157P",49.3381589098043,6113026259700.3,26656485076933.2,"AML"
"U2AF1_Q157P",49.4861127326086,6207255294376.6,26872486357161,"AML"
"U2AF1_Q157P",49.6340665554128,6299005949969.03,27092696696284.3,"AML"
"U2AF1_Q157P",49.7820203782171,6396480063464.05,27314636308089.9,"AML"
"U2AF1_Q157P",49.9299742010214,6492858231462.85,27538254491449.6,"AML"
"U2AF1_Q157P",50.0779280238257,6591162655257.12,27760598218405,"AML"
"U2AF1_Q157P",50.22588184663,6691188555059.62,27983595873967.2,"AML"
"U2AF1_Q157P",50.3738356694342,6785056267135.43,28178894532470.1,"AML"
"U2AF1_Q157P",50.5217894922385,6878680513064.86,28346779710548.6,"AML"
"U2AF1_Q157P",50.6697433150428,6974358968381.85,28557631412290.3,"AML"
"U2AF1_Q157P",50.8176971378471,7085944639434.37,28786180444225.2,"AML"
"U2AF1_Q157P",50.9656509606514,7207724648028.36,29026180341793.9,"AML"
"U2AF1_Q157P",51.1136047834557,7323770694042.94,29244728816470,"AML"
"U2AF1_Q157P",51.2615586062599,7438056424037.78,29455031874003.2,"AML"
"U2AF1_Q157P",51.4095124290642,7555320218082.15,29666820987575.9,"AML"
"U2AF1_Q157P",51.5574662518685,7665297237936.65,29903604649391.2,"AML"
"U2AF1_Q157P",51.7054200746728,7781029074039.96,30135970608086,"AML"
"U2AF1_Q157P",51.8533738974771,7908900971196,30393201587426.1,"AML"
"U2AF1_Q157P",52.0013277202814,8033679571518.46,30636547556926.7,"AML"
"U2AF1_Q157P",52.1492815430856,8157776213374.02,30844722743058,"AML"
"U2AF1_Q157P",52.2972353658899,8284670927123.97,31089741006268.2,"AML"
"U2AF1_Q157P",52.4451891886942,8412188689482.98,31318376028476.1,"AML"
"U2AF1_Q157P",52.5931430114985,8541267862002.12,31563082623499.5,"AML"
"U2AF1_Q157P",52.7410968343028,8663526633233.36,31786968210074.8,"AML"
"U2AF1_Q157P",52.889050657107,8809677355198.46,32014698105735.4,"AML"
"U2AF1_Q157P",53.0370044799113,8968475798482.62,32249667004471.9,"AML"
"U2AF1_Q157P",53.1849583027156,9106215989422.6,32511443915438.2,"AML"
"U2AF1_Q157P",53.3329121255199,9236767064629.48,32789338586099.9,"AML"
"U2AF1_Q157P",53.4808659483242,9364522370868.88,33093315853969.9,"AML"
"U2AF1_Q157P",53.6288197711285,9508394238042.48,33336378818161.4,"AML"
"U2AF1_Q157P",53.7767735939327,9635389673413.33,33642246778291.2,"AML"
"U2AF1_Q157P",53.924727416737,9769840173183.59,33941530721184.5,"AML"
"U2AF1_Q157P",54.0726812395413,9920651512277.3,34175384743318.2,"AML"
"U2AF1_Q157P",54.2206350623456,10072651946280.9,34488351208738.6,"AML"
"U2AF1_Q157P",54.3685888851499,10236374003481.9,34787479996586.8,"AML"
"U2AF1_Q157P",54.5165427079542,10392351264059.1,35010873205624.9,"AML"
"U2AF1_Q157P",54.6644965307584,10535022700495,35287392346489.3,"AML"
"U2AF1_Q157P",54.8124503535627,10690986460725.9,35563851382279.1,"AML"
"U2AF1_Q157P",54.960404176367,10855695511899.4,35834232151132.5,"AML"
"U2AF1_Q157P",55.1083579991713,11025515259696,36140289458533.8,"AML"
"U2AF1_Q157P",55.2563118219756,11206581151895.6,36433957926495.4,"AML"
"U2AF1_Q157P",55.4042656447799,11381626989452.1,36697995437475.1,"AML"
"U2AF1_Q157P",55.5522194675841,11554642684814.2,36977445960162.4,"AML"
"U2AF1_Q157P",55.7001732903884,11700213153055.1,37268608655609.5,"AML"
"U2AF1_Q157P",55.8481271131927,11862878066194.2,37563002210847,"AML"
"U2AF1_Q157P",55.996080935997,12048388064852.3,37851599309104.7,"AML"
"U2AF1_Q157P",56.1440347588013,12235963267929.8,38164012112856.3,"AML"
"U2AF1_Q157P",56.2919885816056,12423985428016.4,38476281214316.4,"AML"
"U2AF1_Q157P",56.4399424044098,12606765315554,38772628689473.2,"AML"
"U2AF1_Q157P",56.5878962272141,12794606591910.8,39056664307555.5,"AML"
"U2AF1_Q157P",56.7358500500184,12988975636670.1,39350911906227.8,"AML"
"U2AF1_Q157P",56.8838038728227,13185773395763.1,39648050826291.6,"AML"
"U2AF1_Q157P",57.031757695627,13380171199874,40035555283653.8,"AML"
"U2AF1_Q157P",57.1797115184312,13586263152077.6,40394725575840.8,"AML"
"U2AF1_Q157P",57.3276653412355,13776716564482.9,40669997345617.1,"AML"
"U2AF1_Q157P",57.4756191640398,13978819888593.3,41007629623246.5,"AML"
"U2AF1_Q157P",57.6235729868441,14188997989683,41316225526252.5,"AML"
"U2AF1_Q157P",57.7715268096484,14407304039191.4,41671022349878.1,"AML"
"U2AF1_Q157P",57.9194806324527,14609541557927,42055774234999,"AML"
"U2AF1_Q157P",58.0674344552569,14824532263258.5,42444824314806.8,"AML"
"U2AF1_Q157P",58.2153882780612,15060154865013.7,42839299091074.3,"AML"
"U2AF1_Q157P",58.3633421008655,15286749592261.7,43178412363453.8,"AML"
"U2AF1_Q157P",58.5112959236698,15486971833925.5,43495843375707.5,"AML"
"U2AF1_Q157P",58.6592497464741,15725994165406.1,43886368178594,"AML"
"U2AF1_Q157P",58.8072035692784,15974816792941.7,44161055286690.8,"AML"
"U2AF1_Q157P",58.9551573920826,16193864842318.3,44527924252288.6,"AML"
"U2AF1_Q157P",59.1031112148869,16429784999131.8,44854512865941.9,"AML"
"U2AF1_Q157P",59.2510650376912,16682692480010.6,45175982840595.7,"AML"
"U2AF1_Q157P",59.3990188604955,16934628315576.7,45518172382989.4,"AML"
"U2AF1_Q157P",59.5469726832998,17171158372739.8,45921304766271.1,"AML"
"U2AF1_Q157P",59.6949265061041,17400579405068.5,46188183265387.1,"AML"
"U2AF1_Q157P",59.8428803289083,17635013887655.9,46542181481126.5,"AML"
"U2AF1_Q157P",59.9908341517126,17880901169516.9,46945001318281.2,"AML"
"U2AF1_Q157P",60.1387879745169,18133794579814.9,47380115504528.5,"AML"
"U2AF1_Q157P",60.2867417973212,18418935740579.4,47767631832833.9,"AML"
"U2AF1_Q157P",60.4346956201255,18689458846316.8,48194447274495.8,"AML"
"U2AF1_Q157P",60.5826494429297,18932080681524.8,48626179393674.8,"AML"
"U2AF1_Q157P",60.730603265734,19221472102135.6,49027456602148.5,"AML"
"U2AF1_Q157P",60.8785570885383,19494356974754.2,49480176956681,"AML"
"U2AF1_Q157P",61.0265109113426,19769685839481.8,49848360853191.7,"AML"
"U2AF1_Q157P",61.1744647341469,20046810321625.8,50257110316352.9,"AML"
"U2AF1_Q157P",61.3224185569512,20337800245638.8,50669016349279,"AML"
"U2AF1_Q157P",61.4703723797554,20619197419283.2,51090049628529.6,"AML"
"U2AF1_Q157P",61.6183262025597,20908587674130.4,51479728754046.4,"AML"
"U2AF1_Q157P",61.766280025364,21205699005677.5,51952077622905.1,"AML"
"U2AF1_Q157P",61.9142338481683,21502471425631.9,52468893484613,"AML"
"U2AF1_Q157P",62.0621876709726,21804516608771,52862867517908.5,"AML"
"U2AF1_Q157P",62.2101414937769,22115241167141.8,53377190715597.3,"AML"
"U2AF1_Q157P",62.3580953165811,22429161500076.5,53801552849232.9,"AML"
"U2AF1_Q157P",62.5060491393854,22705395741868,54256244530585.3,"AML"
"U2AF1_Q157P",62.6540029621897,22987484398710.9,54785294363956.7,"AML"
"U2AF1_Q157P",62.801956784994,23309594704680.6,55279779578492.8,"AML"
"U2AF1_Q157P",62.9499106077983,23644878876713.2,55737905489324.2,"AML"
"U2AF1_Q157P",63.0978644306025,23990758073877.6,56265619178570.6,"AML"
"U2AF1_Q157P",63.2458182534068,24356761735209.9,56692307120414.2,"AML"
"U2AF1_Q157P",63.3937720762111,24706253770721.6,57231295183227.6,"AML"
"U2AF1_Q157P",63.5417258990154,25048506905656.1,57794702303429.2,"AML"
"U2AF1_Q157P",63.6896797218197,25416571487829.8,58289955849422.4,"AML"
"U2AF1_Q157P",63.837633544624,25787818608312.6,58686819769630,"AML"
"U2AF1_Q157P",63.9855873674282,26148374857165,59248431689490.9,"AML"
"U2AF1_Q157P",64.1335411902325,26513892071353.1,59772935373652.9,"AML"
"U2AF1_Q157P",64.2814950130368,26878594486483.1,60291228817313.3,"AML"
"U2AF1_Q157P",64.4294488358411,27237670715088.8,60824173571291.4,"AML"
"U2AF1_Q157P",64.5774026586454,27598923182646.3,61349968767207.3,"AML"
"U2AF1_Q157P",64.7253564814497,27947740310144.8,61928966707574.4,"AML"
"U2AF1_Q157P",64.8733103042539,28317229136352.7,62513156457014,"AML"
"U2AF1_Q157P",65.0212641270582,28684192972572.2,63101007459918.7,"AML"
"U2AF1_Q157P",65.1692179498625,29068243280574.2,63719973871659.9,"AML"
"U2AF1_Q157P",65.3171717726668,29450602618103.7,64406944428394.1,"AML"
"U2AF1_Q157P",65.4651255954711,29859371060363.3,65017269668422.2,"AML"
"U2AF1_Q157P",65.6130794182754,30296443509056.1,65630355305873.5,"AML"
"U2AF1_Q157P",65.7610332410796,30701177445735.7,66139170117084.6,"AML"
"U2AF1_Q157P",65.9089870638839,31074544604861.3,66764751430584.1,"AML"
"U2AF1_Q157P",66.0569408866882,31441941523920.3,67387994248875.8,"AML"
"U2AF1_Q157P",66.2048947094925,31873362613264.6,68062099809150.8,"AML"
"U2AF1_Q157P",66.3528485322968,32257594949981.3,68656340830288,"AML"
"U2AF1_Q157P",66.5008023551011,32659709328895.3,69347769057981,"AML"
"U2AF1_Q157P",66.6487561779053,33094618137726.3,69990588718949.9,"AML"
"U2AF1_Q157P",66.7967100007096,33578211731075,70716403232958,"AML"
"U2AF1_Q157P",66.9446638235139,34067594022697.3,71449038184409.8,"AML"
"U2AF1_Q157P",67.0926176463182,34528086268277.9,72174981627345.6,"AML"
"U2AF1_Q157P",67.2405714691225,34936594104992.7,72900904548385.7,"AML"
"U2AF1_Q157P",67.3885252919268,35389829032329.9,73680661373022.1,"AML"
"U2AF1_Q157P",67.536479114731,35836839604315.7,74492805691970.1,"AML"
"U2AF1_Q157P",67.6844329375353,36252851091496.8,75302399283909,"AML"
"U2AF1_Q157P",67.8323867603396,36654006786275.8,76112183764066.1,"AML"
"U2AF1_Q157P",67.9803405831439,37090683741773.2,76918924031347.7,"AML"
"U2AF1_Q157P",68.1282944059482,37542117132407.1,77786544869552.8,"AML"
"U2AF1_Q157P",68.2762482287524,37996288588076.6,78600362429343.1,"AML"
"U2AF1_Q157P",68.4242020515567,38461932643774.6,79417648337454.4,"AML"
"U2AF1_Q157P",68.572155874361,38911838672902.1,80258813960767.4,"AML"
"U2AF1_Q157P",68.7201096971653,39395134403265.8,81083123207076.2,"AML"
"U2AF1_Q157P",68.8680635199696,39930659650197.4,81911755281203.6,"AML"
"U2AF1_Q157P",69.0160173427738,40477883401731.5,82722994235875.7,"AML"
"U2AF1_Q157P",69.1639711655781,40969063161595.4,83456426390398.8,"AML"
"U2AF1_Q157P",69.3119249883824,41410681139254.4,84350773849750.1,"AML"
"U2AF1_Q157P",69.4598788111867,41874199886340.5,85233182149351,"AML"
"U2AF1_Q157P",69.607832633991,42409268941392.8,86160717387919.6,"AML"
"U2AF1_Q157P",69.7557864567953,42939404985699.6,87013507892968.2,"AML"
"U2AF1_Q157P",69.9037402795995,43409508981607.1,87997142218464,"AML"
"U2AF1_Q157P",70.0516941024038,43871306324714,88860751497976.9,"AML"
"U2AF1_Q157P",70.1996479252081,44367696272919.6,89839447220217.7,"AML"
"U2AF1_Q157P",70.3476017480124,44898432599578.3,90838381175860.9,"AML"
"U2AF1_Q157P",70.4955555708167,45438502403472.7,91755918340366.3,"AML"
"U2AF1_Q157P",70.643509393621,45999345933947.5,92711738307951.1,"AML"
"U2AF1_Q157P",70.7914632164252,46553708596653.7,93629624464285.1,"AML"
"U2AF1_Q157P",70.9394170392295,47132556561033.2,94623228377536.4,"AML"
"U2AF1_Q157P",71.0873708620338,47712253256689.8,95684723678659.4,"AML"
"U2AF1_Q157P",71.2353246848381,48230950744333.6,96825903919736.1,"AML"
"U2AF1_Q157P",71.3832785076424,48823111506053.7,98042409908413.8,"AML"
"U2AF1_Q157P",71.5312323304467,49374557072519.3,99185810362534,"AML"
"U2AF1_Q157P",71.6791861532509,49806523622521.8,100293191513264,"AML"
"U2AF1_Q157P",71.8271399760552,50293656555236.6,101366960395166,"AML"
"U2AF1_Q157P",71.9750937988595,50861643475495.3,102481685349415,"AML"
"U2AF1_Q157P",72.1230476216638,51419769879443.6,103779939758395,"AML"
"U2AF1_Q157P",72.2710014444681,51940161476958.5,105052325516464,"AML"
"U2AF1_Q157P",72.4189552672724,52570740654937.9,106371536337705,"AML"
"U2AF1_Q157P",72.5669090900766,53184426379471.9,107506247557105,"AML"
"U2AF1_Q157P",72.7148629128809,53708267331941,108715734578202,"AML"
"U2AF1_Q157P",72.8628167356852,54264711564988.3,110050802133436,"AML"
"U2AF1_Q157P",73.0107705584895,54857109323415.2,111397542968808,"AML"
"U2AF1_Q157P",73.1587243812938,55391667234706.1,112588162834026,"AML"
"U2AF1_Q157P",73.306678204098,55902163144383,114047897431617,"AML"
"U2AF1_Q157P",73.4546320269023,56507245302488,115440649640417,"AML"
"U2AF1_Q157P",73.6025858497066,57061636965521,116836110057268,"AML"
"U2AF1_Q157P",73.7505396725109,57672809852721,118287717671479,"AML"
"U2AF1_Q157P",73.8984934953152,58242911503931.2,119641575316094,"AML"
"U2AF1_Q157P",74.0464473181195,58899482551479.1,121127801579011,"AML"
"U2AF1_Q157P",74.1944011409237,59516463624793.8,122534825721113,"AML"
"U2AF1_Q157P",74.342354963728,60139153253029.2,124135560035308,"AML"
"U2AF1_Q157P",74.4903087865323,60745407276317,125662736390097,"AML"
"U2AF1_Q157P",74.6382626093366,61301249036526.2,127206223174847,"AML"
"U2AF1_Q157P",74.7862164321409,61869058645396.3,128709362506735,"AML"
"U2AF1_Q157P",74.9341702549452,62354606548221.5,130192713388224,"AML"
"U2AF1_Q157P",75.0821240777494,62899211311652.7,131911669687407,"AML"
"U2AF1_Q157P",75.2300779005537,63494941427012.8,133636949543988,"AML"
"U2AF1_Q157P",75.378031723358,64110642922273.4,135216642939613,"AML"
"U2AF1_Q157P",75.5259855461623,64727924558228.8,136831399585202,"AML"
"U2AF1_Q157P",75.6739393689666,65431099483220.2,138467919034226,"AML"
"U2AF1_Q157P",75.8218931917709,66023674475869.4,140448571736698,"AML"
"U2AF1_Q157P",75.9698470145751,66635377737121.6,142325908810241,"AML"
"U2AF1_Q157P",76.1178008373794,67224727250426.7,144206223183515,"AML"
"U2AF1_Q157P",76.2657546601837,67939633307894.2,145921279992767,"AML"
"U2AF1_Q157P",76.413708482988,68487890619810,147941485618719,"AML"
"U2AF1_Q157P",76.5616623057923,69150574696873.9,149917696109443,"AML"
"U2AF1_Q157P",76.7096161285966,69730325233735.3,152003293599446,"AML"
"U2AF1_Q157P",76.8575699514008,70331038425805.1,154025759099033,"AML"
"U2AF1_Q157P",77.0055237742051,71078083132677.4,156067487622104,"AML"
"U2AF1_Q157P",77.1534775970094,71817427345900,158132344543086,"AML"
"U2AF1_Q157P",77.3014314198137,72389180228815.2,160042905540198,"AML"
"U2AF1_Q157P",77.449385242618,72901088655886.5,162109148140296,"AML"
"U2AF1_Q157P",77.5973390654222,73466788931726,164107342480768,"AML"
"U2AF1_Q157P",77.7452928882265,74061180665180.4,166182401676678,"AML"
"U2AF1_Q157P",77.8932467110308,74795322492184.3,168379040331877,"AML"
"U2AF1_Q157P",78.0412005338351,75523667454618.1,170634569759880,"AML"
"U2AF1_Q157P",78.1891543566394,76061799792997.1,172854499425468,"AML"
"U2AF1_Q157P",78.3371081794437,76645273412161.2,175072839752139,"AML"
"U2AF1_Q157P",78.4850620022479,77303313134337.3,177295527620333,"AML"
"U2AF1_Q157P",78.6330158250522,78007885682883.9,179728953195753,"AML"
"U2AF1_Q157P",78.7809696478565,78526215575165.9,182143592100765,"AML"
"U2AF1_Q157P",78.9289234706608,78947824248163.4,184658612430875,"AML"
"U2AF1_Q157P",79.0768772934651,79720953859261,187207693857956,"AML"
"U2AF1_Q157P",79.2248311162694,80350564680964.5,189615930063812,"AML"
"U2AF1_Q157P",79.3727849390736,80967951694354,192264096738104,"AML"
"U2AF1_Q157P",79.5207387618779,81645550099173.4,194778123672297,"AML"
"U2AF1_Q157P",79.6686925846822,82350048546098.9,197491893419884,"AML"
"U2AF1_Q157P",79.8166464074865,82942002852377.2,200052047309387,"AML"
"U2AF1_Q157P",79.9646002302908,83596006584571.8,202788661718985,"AML"
"U2AF1_Q157P",80.112554053095,84262245323010.3,205801149510922,"AML"
"U2AF1_Q157P",80.2605078758993,84921014455460.2,208717878141765,"AML"
"U2AF1_Q157P",80.4084616987036,85744007376418.3,211441827220846,"AML"
"U2AF1_Q157P",80.5564155215079,86395097303610,214222019665491,"AML"
"U2AF1_Q157P",80.7043693443122,87139393956447.1,217126124622158,"AML"
"U2AF1_Q157P",80.8523231671165,87850363365387.5,219755502385782,"AML"
"U2AF1_Q157P",81.0002769899207,88513162784802.4,222787349429967,"AML"
"U2AF1_Q157P",81.148230812725,89211488991952.7,225770176153397,"AML"
"U2AF1_Q157P",81.2961846355293,89694431331502.9,228802759585476,"AML"
"U2AF1_Q157P",81.4441384583336,90260773023800.5,231957109309512,"AML"
"U2AF1_Q157P",81.5920922811379,90894849504334.9,235113498761559,"AML"
"U2AF1_Q157P",81.7400461039421,91585713625389.3,238617729596260,"AML"
"U2AF1_Q157P",81.8879999267464,92284529286770.2,241911681191441,"AML"
"U2AF1_Q157P",82.0359537495507,92986943232914.2,245499299725624,"AML"
"U2AF1_Q157P",82.183907572355,93723095032920,249247156780432,"AML"
"U2AF1_Q157P",82.3318613951593,94527839946957.3,252968079159063,"AML"
"U2AF1_Q157P",82.4798152179636,95324379884653.1,256348156919113,"AML"
"U2AF1_Q157P",82.6277690407678,96115747180504.7,259764577930561,"AML"
"U2AF1_Q157P",82.7757228635721,96897158295480.7,263277290651380,"AML"
"U2AF1_Q157P",82.9236766863764,97444421355254.8,267245133695487,"AML"
"U2AF1_Q157P",83.0716305091807,98050388960362.5,270922595135180,"AML"
"U2AF1_Q157P",83.219584331985,98902202058879.3,274677744087137,"AML"
"U2AF1_Q157P",83.3675381547893,99544682550370.2,278550462523154,"AML"
"U2AF1_Q157P",83.5154919775935,100357371850832,282518655454511,"AML"
"U2AF1_Q157P",83.6634458003978,101097028372182,286749646127491,"AML"
"U2AF1_Q157P",83.8113996232021,101945362425424,290804537681252,"AML"
"U2AF1_Q157P",83.9593534460064,102593996663764,294753375010436,"AML"
"U2AF1_Q157P",84.1073072688107,103370780728560,299316504583185,"AML"
"U2AF1_Q157P",84.255261091615,104175622387405,303188220113159,"AML"
"U2AF1_Q157P",84.4032149144192,104970238961485,307604600368498,"AML"
"U2AF1_Q157P",84.5511687372235,105816866313643,311988705343566,"AML"
"U2AF1_Q157P",84.6991225600278,106712143350869,316323562881402,"AML"
"U2AF1_Q157P",84.8470763828321,107617769845522,320480678427350,"AML"
"U2AF1_Q157P",84.9950302056364,108590525421923,324969501096335,"AML"
"U2AF1_Q157P",85.1429840284407,109470242889978,330006422872451,"AML"
"U2AF1_Q157P",85.2909378512449,110035106524937,335121309079251,"AML"
"U2AF1_Q157P",85.4388916740492,110618276829709,340315363177787,"AML"
"U2AF1_Q157P",85.5868454968535,111450841465603,345589807102121,"AML"
"U2AF1_Q157P",85.7347993196578,112221880721664,350945881539645,"AML"
"U2AF1_Q157P",85.8827531424621,113075512833584,356384846215548,"AML"
"U2AF1_Q157P",86.0307069652663,113733709597573,361907980181503,"AML"
"U2AF1_Q157P",86.1786607880706,114566516111176,367224258539444,"AML"
"U2AF1_Q157P",86.3266146108749,115160697556522,372047541188125,"AML"
"U2AF1_Q157P",86.4745684336792,115907981494139,377387497064280,"AML"
"U2AF1_Q157P",86.6225222564835,116654717034882,382464842006758,"AML"
"U2AF1_Q157P",86.7704760792878,117292619958159,387282473073048,"AML"
"U2AF1_Q157P",86.918429902092,118118509421981,392633868752711,"AML"
"U2AF1_Q157P",87.0663837248963,119087691744178,398210760523086,"AML"
"U2AF1_Q157P",87.2143375477006,120064383480551,404183650999423,"AML"
"U2AF1_Q157P",87.3622913705049,121048635526008,410315102436206,"AML"
"U2AF1_Q157P",87.5102451933092,122040499000144,416703580988521,"AML"
"U2AF1_Q157P",87.6581990161135,122842590505003,423107914339290,"AML"
"U2AF1_Q157P",87.8061528389177,123704421003656,429610454839601,"AML"
"U2AF1_Q157P",87.954106661722,124572127108408,436239996661507,"AML"
"U2AF1_Q157P",88.1020604845263,125449091480768,442795471405342,"AML"
"U2AF1_Q157P",88.2500143073306,126364180872580,449404256848363,"AML"
"U2AF1_Q157P",88.3979681301349,127307094450230,455735260301047,"AML"
"U2AF1_Q157P",88.5459219529392,128397305518346,462813445247645,"AML"
"U2AF1_Q157P",88.6938757757434,129189695338638,470055525326539,"AML"
"U2AF1_Q157P",88.8418295985477,129974747312845,477410608691739,"AML"
"U2AF1_Q157P",88.989783421352,130876192168283,484880448508847,"AML"
"U2AF1_Q157P",89.1377372441563,131640849613879,492466824823938,"AML"
"U2AF1_Q157P",89.2856910669606,132475176698995,500171544965652,"AML"
"U2AF1_Q157P",89.4336448897648,133314259136350,507996443952966,"AML"
"U2AF1_Q157P",89.5815987125691,134155680123892,515943384908746,"AML"
"U2AF1_Q157P",89.7295525353734,134978146299559,523981343874250,"AML"
"U2AF1_Q157P",89.8775063581777,135805140848714,531533425727336,"AML"
"U2AF1_Q157P",90.025460180982,136636682393209,539616348011275,"AML"
"U2AF1_Q157P",90.1734140037863,137472789553187,547420898573292,"AML"
"U2AF1_Q157P",90.3213678265905,138457081964704,555714560125028,"AML"
"U2AF1_Q157P",90.4693216493948,139580827561468,564223579276360,"AML"
"U2AF1_Q157P",90.6172754721991,140636949279556,571901761447470,"AML"
"U2AF1_Q157P",90.7652292950034,141446293164641,580239168719623,"AML"
"KRAS G12D",39.337440109514,24665.5024121929,88159.6522918364,"CRC"
"KRAS G12D",39.506875530802,24983.9158353835,88054.4888055809,"CRC"
"KRAS G12D",39.6763109520899,25290.7969253324,88026.7422746218,"CRC"
"KRAS G12D",39.8457463733778,25579.7104798495,88001.4814196437,"CRC"
"KRAS G12D",40.0151817946658,25926.552929419,87976.2205646655,"CRC"
"KRAS G12D",40.1846172159537,26257.5695281458,87950.5299597815,"CRC"
"KRAS G12D",40.3540526372416,26575.9829513363,87895.7774506629,"CRC"
"KRAS G12D",40.5234880585296,26855.7273165671,87787.6115154591,"CRC"
"KRAS G12D",40.6929234798175,27173.9723289786,87687.9115924207,"CRC"
"KRAS G12D",40.8623589011054,27470.4975568403,87629.8790779912,"CRC"
"KRAS G12D",41.0317943223934,27722.9992564157,87534.463357228,"CRC"
"KRAS G12D",41.2012297436813,28013.6103837683,87439.8580029982,"CRC"
"KRAS G12D",41.3706651649692,28269.7166991874,87352.254897498,"CRC"
"KRAS G12D",41.5401005862572,28531.2026821436,87265.5206014002,"CRC"
"KRAS G12D",41.7095360075451,28801.9818090142,87252.4915713162,"CRC"
"KRAS G12D",41.8789714288331,29070.2625484393,87266.0819515265,"CRC"
"KRAS G12D",42.048406850121,29309.8412355587,87154.7205661698,"CRC"
"KRAS G12D",42.2178422714089,29557.8016833748,87047.6186693239,"CRC"
"KRAS G12D",42.3872776926969,29789.3192460882,87034.6909077255,"CRC"
"KRAS G12D",42.5567131139848,30058.0117686821,86989.4175620444,"CRC"
"KRAS G12D",42.7261485352727,30303.7054141725,86950.2757171658,"CRC"
"KRAS G12D",42.8955839565607,30606.9447270471,86855.496093373,"CRC"
"KRAS G12D",43.0650193778486,30893.5941310383,86810.3136696362,"CRC"
"KRAS G12D",43.2344547991365,31154.4173524451,86796.7827163526,"CRC"
"KRAS G12D",43.4038902204245,31413.0478281869,86791.4295784191,"CRC"
"KRAS G12D",43.5733256417124,31644.1266683915,86783.4536121656,"CRC"
"KRAS G12D",43.7427610630003,31926.3503616799,86755.3445300318,"CRC"
"KRAS G12D",43.9121964842883,32235.8633482465,86681.2398877221,"CRC"
"KRAS G12D",44.0816319055762,32484.3758777106,86614.6119147786,"CRC"
"KRAS G12D",44.2510673268641,32726.0821549126,86591.3169670434,"CRC"
"KRAS G12D",44.4205027481521,32988.3453896447,86568.0220193081,"CRC"
"KRAS G12D",44.58993816944,33281.7785486742,86540.6752642018,"CRC"
"KRAS G12D",44.7593735907279,33560.7943280862,86486.9740394625,"CRC"
"KRAS G12D",44.9288090120159,33773.5114218446,86479.4759487959,"CRC"
"KRAS G12D",45.0982444333038,34074.0209062014,86441.2477980956,"CRC"
"KRAS G12D",45.2676798545917,34340.6034071835,86411.3799162614,"CRC"
"KRAS G12D",45.4371152758797,34618.3571794627,86370.7987782402,"CRC"
"KRAS G12D",45.6065506971676,34902.7247652787,86329.0861999297,"CRC"
"KRAS G12D",45.7759861184555,35183.420579231,86287.373621619,"CRC"
"KRAS G12D",45.9454215397435,35391.1812911078,86279.8984293414,"CRC"
"KRAS G12D",46.1148569610314,35695.8760796833,86275.780705094,"CRC"
"KRAS G12D",46.2842923823194,36000.4536893606,86198.7647193162,"CRC"
"KRAS G12D",46.4537278036073,36239.4424617203,86195.7263158887,"CRC"
"KRAS G12D",46.6231632248952,36466.6083168498,86194.2336189907,"CRC"
"KRAS G12D",46.7925986461832,36682.5258701925,86171.6547239709,"CRC"
"KRAS G12D",46.9620340674711,36937.637769522,86133.9408363855,"CRC"
"KRAS G12D",47.131469488759,37176.0952262794,86103.6035181962,"CRC"
"KRAS G12D",47.300904910047,37461.5365147641,86039.1712604787,"CRC"
"KRAS G12D",47.4703403313349,37728.8300649021,86028.8002567223,"CRC"
"KRAS G12D",47.6397757526228,37992.8280702124,86005.5902583857,"CRC"
"KRAS G12D",47.8092111739108,38218.0864378107,85962.3310042254,"CRC"
"KRAS G12D",47.9786465951987,38494.3882715682,85905.1790420029,"CRC"
"KRAS G12D",48.1480820164866,38802.0223327264,85831.4153424019,"CRC"
"KRAS G12D",48.3175174377746,39099.5560700428,85806.7632553501,"CRC"
"KRAS G12D",48.4869528590625,39398.7625098485,85757.2789075414,"CRC"
"KRAS G12D",48.6563882803504,39670.9052938199,85704.2272237433,"CRC"
"KRAS G12D",48.8258237016384,39970.6951796494,85642.4811725078,"CRC"
"KRAS G12D",48.9952591229263,40223.7413080095,85609.538778065,"CRC"
"KRAS G12D",49.1646945442142,40460.3917527874,85577.0635161353,"CRC"
"KRAS G12D",49.3341299655022,40647.8804360585,85560.0867712088,"CRC"
"KRAS G12D",49.5035653867901,40855.7886521915,85499.3040575153,"CRC"
"KRAS G12D",49.673000808078,41026.7090231559,85434.1910787476,"CRC"
"KRAS G12D",49.842436229366,41216.6021531679,85391.650202211,"CRC"
"KRAS G12D",50.0118716506539,41449.8367128776,85341.3777157422,"CRC"
"KRAS G12D",50.1813070719418,41695.6412714619,85318.5160439913,"CRC"
"KRAS G12D",50.3507424932298,41949.0705243578,85211.3685272423,"CRC"
"KRAS G12D",50.5201779145177,42204.6636112172,85165.2315762577,"CRC"
"KRAS G12D",50.6896133358056,42440.7523204964,85167.1000456286,"CRC"
"KRAS G12D",50.8590487570936,42697.2422895798,85166.9422884013,"CRC"
"KRAS G12D",51.0284841783815,42950.6521670547,85081.3265683902,"CRC"
"KRAS G12D",51.1979195996694,43208.7217213855,85043.5840318429,"CRC"
"KRAS G12D",51.3673550209574,43435.7816930458,84986.7293937976,"CRC"
"KRAS G12D",51.5367904422453,43686.3363332393,85054.7686580405,"CRC"
"KRAS G12D",51.7062258635332,43918.7710113263,85125.4131672689,"CRC"
"KRAS G12D",51.8756612848212,44141.4494201533,85089.7513436749,"CRC"
"KRAS G12D",52.0450967061091,44320.1413270682,85081.0430121213,"CRC"
"KRAS G12D",52.214532127397,44519.9974554786,85073.6054041387,"CRC"
"KRAS G12D",52.383967548685,44727.6644811389,84996.1763346748,"CRC"
"KRAS G12D",52.5534029699729,44951.0725489838,84962.3144770277,"CRC"
"KRAS G12D",52.7228383912609,45096.3171081917,85004.0403287781,"CRC"
"KRAS G12D",52.8922738125488,45305.6591861133,85012.2253885718,"CRC"
"KRAS G12D",53.0617092338367,45536.7040726387,85063.8616684314,"CRC"
"KRAS G12D",53.2311446551247,45775.0312023069,85079.9341483702,"CRC"
"KRAS G12D",53.4005800764126,45957.4941442978,85125.4063004951,"CRC"
"KRAS G12D",53.5700154977005,46201.2994031194,85085.3628473078,"CRC"
"KRAS G12D",53.7394509189885,46465.4063868203,85049.8863895387,"CRC"
"KRAS G12D",53.9088863402764,46677.9276024478,85098.5067700061,"CRC"
"KRAS G12D",54.0783217615643,46853.854973623,85106.7775525413,"CRC"
"KRAS G12D",54.2477571828523,47079.3933351343,85177.3175434255,"CRC"
"KRAS G12D",54.4171926041402,47277.0677156649,85215.5324920891,"CRC"
"KRAS G12D",54.5866280254281,47422.0863184323,85182.4266789355,"CRC"
"KRAS G12D",54.7560634467161,47650.0964681302,85183.7059774476,"CRC"
"KRAS G12D",54.925498868004,47889.0876698013,85220.4819871514,"CRC"
"KRAS G12D",55.0949342892919,48133.6480781439,85249.2145878319,"CRC"
"KRAS G12D",55.2643697105799,48277.6644459797,85270.5055580676,"CRC"
"KRAS G12D",55.4338051318678,48445.790354937,85302.4986014877,"CRC"
"KRAS G12D",55.6032405531557,48655.1324328586,85350.7913470276,"CRC"
"KRAS G12D",55.7726759744437,48885.7326717417,85423.1127064836,"CRC"
"KRAS G12D",55.9421113957316,49086.0399829861,85442.0863629828,"CRC"
"KRAS G12D",56.1115468170195,49291.4024408742,85497.3982615819,"CRC"
"KRAS G12D",56.2809822383075,49503.706517346,85551.6351224775,"CRC"
"KRAS G12D",56.4504176595954,49736.8029535975,85603.046526267,"CRC"
"KRAS G12D",56.6198530808833,49992.0551838463,85664.3224591083,"CRC"
"KRAS G12D",56.7892885021713,50182.1913595319,85710.0337427985,"CRC"
"KRAS G12D",56.9587239234592,50358.1452814276,85760.9404670501,"CRC"
"KRAS G12D",57.1281593447472,50566.1972502042,85789.1407929731,"CRC"
"KRAS G12D",57.2975947660351,50725.2292847215,85827.2670358921,"CRC"
"KRAS G12D",57.467030187323,50940.9567279958,85887.1098857903,"CRC"
"KRAS G12D",57.636465608611,51149.0817787565,85925.9769419259,"CRC"
"KRAS G12D",57.8059010298989,51302.2969532404,85950.8618065978,"CRC"
"KRAS G12D",57.9753364511868,51467.4992848579,85954.1420204971,"CRC"
"KRAS G12D",58.1447718724748,51644.5545419796,86000.9400323989,"CRC"
"KRAS G12D",58.3142072937627,51837.9373984301,86122.8366784137,"CRC"
"KRAS G12D",58.4836427150506,51992.8207933738,86237.8077688398,"CRC"
"KRAS G12D",58.6530781363386,52208.2012830815,86288.2251353834,"CRC"
"KRAS G12D",58.8225135576265,52424.6358772899,86342.8960690501,"CRC"
"KRAS G12D",58.9919489789144,52640.2277793416,86355.5937322653,"CRC"
"KRAS G12D",59.1613844002024,52845.5646803812,86333.6548188208,"CRC"
"KRAS G12D",59.3308198214903,53007.5131227359,86348.212901249,"CRC"
"KRAS G12D",59.5002552427782,53157.8614387227,86473.8825084171,"CRC"
"KRAS G12D",59.6696906640662,53299.8013845764,86529.4864269375,"CRC"
"KRAS G12D",59.8391260853541,53414.1164860294,86628.7788306205,"CRC"
"KRAS G12D",60.008561506642,53525.6608053658,86650.1206516094,"CRC"
"KRAS G12D",60.17799692793,53652.0523632813,86716.0786665345,"CRC"
"KRAS G12D",60.3474323492179,53801.9707016444,86809.2939863035,"CRC"
"KRAS G12D",60.5168677705058,53998.9836795053,86876.2506504732,"CRC"
"KRAS G12D",60.6863031917938,54270.1482684283,86957.0170775936,"CRC"
"KRAS G12D",60.8557386130817,54421.2799740495,86997.9779654708,"CRC"
"KRAS G12D",61.0251740343696,54516.5164592216,87132.9602339315,"CRC"
"KRAS G12D",61.1946094556576,54618.4291592895,87225.2180485172,"CRC"
"KRAS G12D",61.3640448769455,54749.1111648052,87349.4615671398,"CRC"
"KRAS G12D",61.5334802982334,54923.1541048804,87425.7960772172,"CRC"
"KRAS G12D",61.7029157195214,55102.5114739446,87555.8117757091,"CRC"
"KRAS G12D",61.8723511408093,55277.8588941398,87573.7334530453,"CRC"
"KRAS G12D",62.0417865620973,55389.3665766761,87554.0640924022,"CRC"
"KRAS G12D",62.2112219833852,55492.063340653,87699.4695153829,"CRC"
"KRAS G12D",62.3806574046731,55635.6542596859,87720.4811642373,"CRC"
"KRAS G12D",62.5500928259611,55834.9601933954,87752.8173546416,"CRC"
"KRAS G12D",62.719528247249,55986.5895481798,87831.3682431109,"CRC"
"KRAS G12D",62.8889636685369,56147.4862023263,87999.0448340505,"CRC"
"KRAS G12D",63.0583990898249,56258.0331134012,88144.9818408832,"CRC"
"KRAS G12D",63.2278345111128,56392.5376020337,88338.052468887,"CRC"
"KRAS G12D",63.3972699324007,56482.441020947,88450.3827646991,"CRC"
"KRAS G12D",63.5667053536887,56580.9089565958,88563.387421906,"CRC"
"KRAS G12D",63.7361407749766,56759.513895311,88622.0503407784,"CRC"
"KRAS G12D",63.9055761962645,56898.4088881387,88757.5357571355,"CRC"
"KRAS G12D",64.0750116175525,57036.9649781851,88859.4306177079,"CRC"
"KRAS G12D",64.2444470388404,57189.0171935508,89016.3124334399,"CRC"
"KRAS G12D",64.4138824601283,57281.0304433864,89142.3995489469,"CRC"
"KRAS G12D",64.5833178814163,57368.3919113242,89198.074523846,"CRC"
"KRAS G12D",64.7527533027042,57552.7642020569,89441.090827235,"CRC"
"KRAS G12D",64.9221887239921,57745.6201114079,89539.5901371646,"CRC"
"KRAS G12D",65.0916241452801,57813.9330808381,89688.9720848716,"CRC"
"KRAS G12D",65.261059566568,57861.9287236047,89845.1943987337,"CRC"
"KRAS G12D",65.4304949878559,58040.3094234806,89970.5815206366,"CRC"
"KRAS G12D",65.5999304091439,58197.3813588664,90104.4311084431,"CRC"
"KRAS G12D",65.7693658304318,58254.448528203,90249.0305987978,"CRC"
"KRAS G12D",65.9388012517198,58306.8208270215,90458.5869525483,"CRC"
"KRAS G12D",66.1082366730077,58422.3618402596,90595.6924936238,"CRC"
"KRAS G12D",66.2776720942956,58561.5096072375,90754.471293626,"CRC"
"KRAS G12D",66.4471075155836,58600.298017395,90905.2115725815,"CRC"
"KRAS G12D",66.6165429368715,58632.5391722721,91090.5111459927,"CRC"
"KRAS G12D",66.7859783581594,58730.3555636432,91255.5590653002,"CRC"
"KRAS G12D",66.9554137794474,58802.8248928372,91446.157058073,"CRC"
"KRAS G12D",67.1248492007353,58894.3503036663,91642.1665325842,"CRC"
"KRAS G12D",67.2942846220232,58956.785715451,91837.1853849494,"CRC"
"KRAS G12D",67.4637200433112,59048.1350726828,92039.9898040675,"CRC"
"KRAS G12D",67.6331554645991,59071.7592432111,92098.1386283691,"CRC"
"KRAS G12D",67.802590885887,59065.7539354043,92297.6938710701,"CRC"
"KRAS G12D",67.972026307175,59139.7943677019,92486.6509207434,"CRC"
"KRAS G12D",68.1414617284629,59256.3863820869,92630.6433687058,"CRC"
"KRAS G12D",68.3108971497508,59354.5989174262,92866.88404828,"CRC"
"KRAS G12D",68.4803325710388,59433.58828377,93088.0216657486,"CRC"
"KRAS G12D",68.6497679923267,59481.6631579912,93218.1554820385,"CRC"
"KRAS G12D",68.8192034136146,59543.524860715,93393.8567993162,"CRC"
"KRAS G12D",68.9886388349026,59612.748831176,93541.7094543335,"CRC"
"KRAS G12D",69.1580742561905,59675.9044204946,93696.6109779585,"CRC"
"KRAS G12D",69.3275096774784,59761.7906443371,93878.2935758036,"CRC"
"KRAS G12D",69.4969450987664,59850.5620579812,94113.0345585989,"CRC"
"KRAS G12D",69.6663805200543,59880.9591593398,94355.0285508623,"CRC"
"KRAS G12D",69.8358159413422,59922.0174003227,94623.6927687812,"CRC"
"KRAS G12D",70.0052513626302,59997.9642478158,94843.0678548458,"CRC"
"KRAS G12D",70.1746867839181,60001.8918179426,95006.74929696,"CRC"
"KRAS G12D",70.344122205206,60048.7195912012,95182.3280929644,"CRC"
"KRAS G12D",70.513557626494,60095.8091460294,95333.3135363646,"CRC"
"KRAS G12D",70.6829930477819,60184.5056463022,95518.1093700907,"CRC"
"KRAS G12D",70.8524284690698,60207.7972642516,95654.6902744247,"CRC"
"KRAS G12D",71.0218638903578,60305.2134206576,95860.6589695255,"CRC"
"KRAS G12D",71.1912993116457,60388.8289093078,96031.6044451646,"CRC"
"KRAS G12D",71.3607347329337,60410.9730345051,96189.5775009511,"CRC"
"KRAS G12D",71.5301701542216,60441.2216916402,96465.5423858646,"CRC"
"KRAS G12D",71.6996055755095,60485.438383422,96667.3798480655,"CRC"
"KRAS G12D",71.8690409967975,60552.7909600538,96854.8451378643,"CRC"
"KRAS G12D",72.0384764180854,60615.601553337,97142.417208559,"CRC"
"KRAS G12D",72.2079118393733,60641.4939374736,97419.0383452087,"CRC"
"KRAS G12D",72.3773472606613,60697.9641894631,97650.9051289482,"CRC"
"KRAS G12D",72.5467826819492,60758.4823843839,97915.4402690923,"CRC"
"KRAS G12D",72.7162181032371,60837.5523516366,98170.696842352,"CRC"
"KRAS G12D",72.8856535245251,60878.8246847689,98400.7359792711,"CRC"
"KRAS G12D",73.055088945813,60938.4310578916,98608.9963814363,"CRC"
"KRAS G12D",73.2245243671009,60934.1184777547,98913.658864104,"CRC"
"KRAS G12D",73.3939597883889,60927.7953044385,99144.2180133172,"CRC"
"KRAS G12D",73.5633952096768,60943.0407682336,99408.915656818,"CRC"
"KRAS G12D",73.7328306309647,60915.1489578062,99661.8962648054,"CRC"
"KRAS G12D",73.9022660522527,60913.3773594296,99910.2672163792,"CRC"
"KRAS G12D",74.0717014735406,60945.8307503635,100178.697067917,"CRC"
"KRAS G12D",74.2411368948285,60957.9965278086,100472.21986812,"CRC"
"KRAS G12D",74.4105723161165,60957.6004977083,100720.988246013,"CRC"
"KRAS G12D",74.5800077374044,60911.6136719846,100971.506974873,"CRC"
"KRAS G12D",74.7494431586923,60881.4595663396,101194.055715496,"CRC"
"KRAS G12D",74.9188785799803,60894.3048359677,101449.582279877,"CRC"
"KRAS G12D",75.0883140012682,60955.5903215033,101709.77197482,"CRC"
"KRAS G12D",75.2577494225561,60940.9904136681,102037.838814959,"CRC"
"KRAS G12D",75.4271848438441,60867.6571940866,102353.380424772,"CRC"
"KRAS G12D",75.596620265132,60845.5940513286,102628.09760075,"CRC"
"KRAS G12D",75.7660556864199,60818.9012692401,102883.251740572,"CRC"
"KRAS G12D",75.9354911077079,60777.2675809703,103119.21802517,"CRC"
"KRAS G12D",76.1049265289958,60735.6338927005,103430.270151074,"CRC"
"KRAS G12D",76.2743619502837,60694.0002044307,103706.223085146,"CRC"
"KRAS G12D",76.4437973715717,60652.3665161609,103879.906684765,"CRC"
"KRAS G12D",76.6132327928596,60662.3667310376,104053.51244703,"CRC"
"KRAS G12D",76.7826682141475,60658.7635823997,104247.237923197,"CRC"
"KRAS G12D",76.9521036354355,60655.3987036034,104505.604815248,"CRC"
"KRAS G12D",77.1215390567234,60717.1436297129,104711.974523973,"CRC"
"KRAS G12D",77.2909744780113,60700.8575771876,104967.600631401,"CRC"
"KRAS G12D",77.4604098992993,60658.1828100791,105281.85004698,"CRC"
"KRAS G12D",77.6298453205872,60735.2471533559,105564.926788787,"CRC"
"KRAS G12D",77.7992807418752,60746.5818774627,105808.915486649,"CRC"
"KRAS G12D",77.9687161631631,60736.5721958037,106007.255143678,"CRC"
"KRAS G12D",78.138151584451,60699.8008091624,106264.410699158,"CRC"
"KRAS G12D",78.307587005739,60715.6841451735,106565.76054488,"CRC"
"KRAS G12D",78.4770224270269,60725.0204981105,106918.06208448,"CRC"
"KRAS G12D",78.6464578483148,60731.776931638,107208.266427557,"CRC"
"KRAS G12D",78.8158932696028,60725.4537583218,107462.998732928,"CRC"
"KRAS G12D",78.9853286908907,60694.494060916,107746.455044688,"CRC"
"KRAS G12D",79.1547641121786,60635.8679344513,108040.269936375,"CRC"
"KRAS G12D",79.3241995334666,60562.5092703926,108290.403365184,"CRC"
"KRAS G12D",79.4936349547545,60492.9993440431,108531.818265231,"CRC"
"KRAS G12D",79.6630703760424,60491.0482541395,108852.918836342,"CRC"
"KRAS G12D",79.8325057973304,60417.8713054513,109124.77017602,"CRC"
"KRAS G12D",80.0019412186183,60427.0568842482,109342.847995141,"CRC"
"KRAS G12D",80.1713766399062,60454.2299601269,109576.684554514,"CRC"
"KRAS G12D",80.3408120611942,60393.4947519365,109851.276727039,"CRC"
"KRAS G12D",80.5102474824821,60320.8382462978,110101.866297143,"CRC"
"KRAS G12D",80.67968290377,60248.1817406592,110359.198670976,"CRC"
"KRAS G12D",80.849118325058,60185.8042240425,110536.988799052,"CRC"
"KRAS G12D",81.0185537463459,60109.2877871494,110795.411303751,"CRC"
"KRAS G12D",81.1879891676338,60073.5770727595,111103.455142774,"CRC"
"KRAS G12D",81.3574245889218,60008.0047470104,111397.949511148,"CRC"
"KRAS G12D",81.5268600102097,59946.4476564454,111588.073086708,"CRC"
"KRAS G12D",81.6962954314976,59966.779366262,111800.632503139,"CRC"
"KRAS G12D",81.8657308527856,59893.7671547225,112029.217345335,"CRC"
"KRAS G12D",82.0351662740735,59752.8126806226,112266.104520656,"CRC"
"KRAS G12D",82.2046016953614,59749.1432887474,112506.991310332,"CRC"
"KRAS G12D",82.3740371166494,59720.1775746188,112788.893923737,"CRC"
"KRAS G12D",82.5434725379373,59754.0809670647,113090.589484521,"CRC"
"KRAS G12D",82.7129079592252,59776.1903510879,113370.605768782,"CRC"
"KRAS G12D",82.8823433805132,59685.3442518454,113674.499285529,"CRC"
"KRAS G12D",83.0517788018011,59612.7574895538,113954.636920084,"CRC"
"KRAS G12D",83.221214223089,59527.2116357232,114283.55493081,"CRC"
"KRAS G12D",83.390649644377,59431.6597345261,114574.959424158,"CRC"
"KRAS G12D",83.5600850656649,59432.8992751333,114813.656475715,"CRC"
"KRAS G12D",83.7295204869529,59426.6356631362,115064.679316614,"CRC"
"KRAS G12D",83.8989559082408,59404.9946575409,115301.268599301,"CRC"
"KRAS G12D",84.0683913295287,59343.9123529083,115532.84648643,"CRC"
"KRAS G12D",84.2378267508167,59261.2461552308,115813.527809742,"CRC"
"KRAS G12D",84.4072621721046,59180.5574582809,116112.635658653,"CRC"
"KRAS G12D",84.5766975933925,59091.2498663913,116416.394604708,"CRC"
"KRAS G12D",84.7461330146805,59015.4817841978,116724.311175634,"CRC"
"KRAS G12D",84.9155684359684,58952.3782981062,117006.097056229,"CRC"
"KRAS G12D",85.0850038572563,58965.5932130028,117284.448428174,"CRC"
"KRAS G12D",85.2544392785443,58921.9608333727,117562.799800118,"CRC"
"KRAS G12D",85.4238746998322,58839.562808252,117841.151172062,"CRC"
"KRAS G12D",85.5933101211201,58760.8399343119,118119.502544006,"CRC"
"KRAS G12D",85.7627455424081,58692.2235838736,118400.366964624,"CRC"
"KRAS G12D",85.932180963696,58649.1349395091,118697.639705115,"CRC"
"KRAS G12D",86.1016163849839,58613.2736242252,118979.823349274,"CRC"
"KRAS G12D",86.2710518062719,58588.6543878235,119263.712033758,"CRC"
"KRAS G12D",86.4404872275598,58512.2850657973,119552.176277428,"CRC"
"KRAS G12D",86.6099226488477,58414.6189114813,119837.248286223,"CRC"
"KRAS G12D",86.7793580701357,58408.1858791997,120104.031558046,"CRC"
"KRAS G12D",86.9487934914236,58350.6168063377,120383.84690791,"CRC"
"KRAS G12D",87.1182289127115,58318.447212327,120673.482879725,"CRC"
"KRAS G12D",87.2876643339995,58287.9171703619,121012.463776162,"CRC"
"KRAS G12D",87.4570997552874,58261.077819839,121359.137396611,"CRC"
"KRAS G12D",87.6265351765753,58238.634985361,121675.063865825,"CRC"
"KRAS G12D",87.7959705978633,58216.1921508831,122009.767584477,"CRC"
"KRAS G12D",87.9654060191512,58193.7493164052,122295.424166502,"CRC"
"KRAS G12D",88.1348414404392,58123.7380124314,122569.003237549,"CRC"
"KRAS G12D",88.3042768617271,58041.7419640316,122832.109092934,"CRC"
"KRAS G12D",88.473712283015,57967.9423417281,123052.41654822,"CRC"
"KRAS G12D",88.643147704303,57895.2492479304,123303.057597076,"CRC"
"KRAS G12D",88.8125831255909,57824.0139315218,123652.371962224,"CRC"
"KRAS G12D",88.9820185468788,57747.2827446034,123938.693733376,"CRC"
"KRAS G12D",89.1514539681668,57706.2176648529,124201.84274809,"CRC"
"KRAS G12D",89.3208893894547,57666.0806791825,124464.433156072,"CRC"
"KRAS G12D",89.4903248107426,57591.1840119422,124751.614183452,"CRC"
"KRAS G12D",89.6597602320306,57504.7973690252,125023.239476894,"CRC"
"KRAS G12D",89.8291956533185,57472.7482318539,125240.947956328,"CRC"
"KRAS G12D",89.9986310746064,57461.0959292821,125452.188293307,"CRC"
"KRAS G12V",42.4202600958248,57560.6168645654,188332.697668423,"CRC"
"KRAS G12V",42.5623811060826,58045.3928689368,188205.214532243,"CRC"
"KRAS G12V",42.7045021163404,58523.0595048685,188057.189598094,"CRC"
"KRAS G12V",42.8466231265981,58930.4921301636,187918.104425228,"CRC"
"KRAS G12V",42.9887441368559,59347.5364233709,187809.893181828,"CRC"
"KRAS G12V",43.1308651471137,59798.4296316833,187643.036703978,"CRC"
"KRAS G12V",43.2729861573715,60357.3198960305,187469.191840976,"CRC"
"KRAS G12V",43.4151071676293,60834.0561337807,187314.074547438,"CRC"
"KRAS G12V",43.557228177887,61276.1750828169,187173.415260828,"CRC"
"KRAS G12V",43.6993491881448,61719.6794002279,187032.755974219,"CRC"
"KRAS G12V",43.8414701984026,62203.2027066062,186884.950103735,"CRC"
"KRAS G12V",43.9835912086604,62711.0850313631,186700.891613484,"CRC"
"KRAS G12V",44.1257122189182,63223.039180337,186610.77811439,"CRC"
"KRAS G12V",44.267833229176,63729.8114170629,186483.240468761,"CRC"
"KRAS G12V",44.4099542394338,64239.1746099129,186371.555195998,"CRC"
"KRAS G12V",44.5520752496915,64748.5378027628,186280.547630154,"CRC"
"KRAS G12V",44.6941962599493,65171.3339159244,186198.712930145,"CRC"
"KRAS G12V",44.8363172702071,65586.5594619455,186057.442721762,"CRC"
"KRAS G12V",44.9784382804649,66164.6800160327,185814.824989081,"CRC"
"KRAS G12V",45.1205592907227,66643.4479018345,185585.703912467,"CRC"
"KRAS G12V",45.2626803009805,67094.030796655,185453.38690924,"CRC"
"KRAS G12V",45.4048013112382,67525.428066604,185299.734886564,"CRC"
"KRAS G12V",45.546922321496,68009.7014567339,185266.322185519,"CRC"
"KRAS G12V",45.6890433317538,68459.4939134895,185118.52820835,"CRC"
"KRAS G12V",45.8311643420116,68907.3996479437,184900.051312781,"CRC"
"KRAS G12V",45.9732853522694,69375.1739265684,184706.249534756,"CRC"
"KRAS G12V",46.1154063625272,69881.1888833822,184563.546500297,"CRC"
"KRAS G12V",46.2575273727849,70336.5511964623,184322.162337109,"CRC"
"KRAS G12V",46.3996483830427,70746.9277441305,184159.068003393,"CRC"
"KRAS G12V",46.5417693933005,71152.456048899,184138.986021526,"CRC"
"KRAS G12V",46.6838904035583,71624.4494832088,184072.526957638,"CRC"
"KRAS G12V",46.8260114138161,72077.9867845463,183997.533404938,"CRC"
"KRAS G12V",46.9681324240739,72519.484215546,183860.868121503,"CRC"
"KRAS G12V",47.1102534343316,73003.3484364711,183724.134605769,"CRC"
"KRAS G12V",47.2523744445894,73460.3868491849,183578.24122429,"CRC"
"KRAS G12V",47.3944954548472,73897.6449678136,183432.347842811,"CRC"
"KRAS G12V",47.536616465105,74301.8679010959,183286.454461332,"CRC"
"KRAS G12V",47.6787374753628,74756.7622525112,183140.561079853,"CRC"
"KRAS G12V",47.8208584856206,75280.8620476933,183130.146697105,"CRC"
"KRAS G12V",47.9629794958783,75796.9907731005,183146.066114725,"CRC"
"KRAS G12V",48.1051005061361,76295.3325583383,183155.535365691,"CRC"
"KRAS G12V",48.2472215163939,76820.2937822889,183084.631982347,"CRC"
"KRAS G12V",48.3893425266517,77234.0474900715,182997.616088182,"CRC"
"KRAS G12V",48.5314635369095,77643.6217061105,182845.976238547,"CRC"
"KRAS G12V",48.6735845471673,78006.4949815694,182694.336388912,"CRC"
"KRAS G12V",48.815705557425,78519.2323805009,182563.212455978,"CRC"
"KRAS G12V",48.9578265676828,78998.4423963383,182371.957937546,"CRC"
"KRAS G12V",49.0999475779406,79409.2082136362,182156.27992546,"CRC"
"KRAS G12V",49.2420685881984,79828.935087968,181930.75887602,"CRC"
"KRAS G12V",49.3841895984562,80337.8398078809,181705.23782658,"CRC"
"KRAS G12V",49.526310608714,80713.3424031785,181479.716777139,"CRC"
"KRAS G12V",49.6684316189718,81200.5830647193,181374.171034083,"CRC"
"KRAS G12V",49.8105526292295,81649.4988093234,181209.79050693,"CRC"
"KRAS G12V",49.9526736394873,82011.0289409811,181021.324013875,"CRC"
"KRAS G12V",50.0947946497451,82455.490161283,180827.817007872,"CRC"
"KRAS G12V",50.2369156600029,82934.1635877831,180634.310001869,"CRC"
"KRAS G12V",50.3790366702607,83362.3851806029,180440.802995867,"CRC"
"KRAS G12V",50.5211576805185,83790.6067734228,180278.343269933,"CRC"
"KRAS G12V",50.6632786907762,84202.8129018875,180162.005939511,"CRC"
"KRAS G12V",50.805399701034,84498.9782360654,180046.680607053,"CRC"
"KRAS G12V",50.9475207112918,84864.1655161448,179880.943048247,"CRC"
"KRAS G12V",51.0896417215496,85270.9164109576,179703.10482717,"CRC"
"KRAS G12V",51.2317627318074,85729.784764756,179646.615021234,"CRC"
"KRAS G12V",51.3738837420652,86266.9104461399,179592.628208803,"CRC"
"KRAS G12V",51.5160047523229,86663.4976835948,179298.82809673,"CRC"
"KRAS G12V",51.6581257625807,87060.3518387903,179198.004095979,"CRC"
"KRAS G12V",51.8002467728385,87536.0069780825,179174.77648083,"CRC"
"KRAS G12V",51.9423677830963,87872.4581137654,179093.924136892,"CRC"
"KRAS G12V",52.0844887933541,88339.9058996272,178921.658014908,"CRC"
"KRAS G12V",52.2266098036119,88728.3575206622,178790.189493784,"CRC"
"KRAS G12V",52.3687308138696,89207.802557955,178793.292718004,"CRC"
"KRAS G12V",52.5108518241274,89602.4170480341,178694.640329601,"CRC"
"KRAS G12V",52.6529728343852,89883.1075881007,178497.248285131,"CRC"
"KRAS G12V",52.795093844643,90279.453391029,178336.584219036,"CRC"
"KRAS G12V",52.9372148549008,90659.9329891981,178325.011125265,"CRC"
"KRAS G12V",53.0793358651586,91005.2603360373,178154.838125549,"CRC"
"KRAS G12V",53.2214568754163,91255.4946902218,178067.146500364,"CRC"
"KRAS G12V",53.3635778856741,91592.8200884625,178057.566663196,"CRC"
"KRAS G12V",53.5056988959319,91995.8451380114,177923.718293686,"CRC"
"KRAS G12V",53.6478199061897,92406.4544201794,177792.153498526,"CRC"
"KRAS G12V",53.7899409164475,92601.6465039344,177826.412897802,"CRC"
"KRAS G12V",53.9320619267053,93056.4257612175,177684.238113256,"CRC"
"KRAS G12V",54.074182936963,93373.5290203693,177631.082569764,"CRC"
"KRAS G12V",54.2163039472208,93663.6872957704,177468.913150803,"CRC"
"KRAS G12V",54.3584249574786,94019.2628582935,177318.477627369,"CRC"
"KRAS G12V",54.5005459677364,94296.0698353495,177214.356111667,"CRC"
"KRAS G12V",54.6426669779942,94680.5806978805,177174.086837956,"CRC"
"KRAS G12V",54.784787988252,95020.5746641528,177171.057678741,"CRC"
"KRAS G12V",54.9269089985097,95355.284678123,177168.028519525,"CRC"
"KRAS G12V",55.0690300087675,95734.7840581171,177164.99936031,"CRC"
"KRAS G12V",55.2111510190253,95984.2664548498,177161.970201095,"CRC"
"KRAS G12V",55.3532720292831,96271.448389023,177125.288002652,"CRC"
"KRAS G12V",55.4953930395409,96597.9894132518,177037.613254056,"CRC"
"KRAS G12V",55.6375140497987,96960.463393272,176838.145462192,"CRC"
"KRAS G12V",55.7796350600564,97333.6365290116,176664.180392,"CRC"
"KRAS G12V",55.9217560703142,97744.1468032579,176572.566677199,"CRC"
"KRAS G12V",56.063877080572,98052.4303484478,176363.708589389,"CRC"
"KRAS G12V",56.2059980908298,98333.9464451941,176391.010394837,"CRC"
"KRAS G12V",56.3481191010876,98725.8977673554,176431.531779297,"CRC"
"KRAS G12V",56.4902401113454,98971.5370018442,176399.185258823,"CRC"
"KRAS G12V",56.6323611216032,99263.1898694491,176344.620449368,"CRC"
"KRAS G12V",56.7744821318609,99499.1650287904,176346.322668244,"CRC"
"KRAS G12V",56.9166031421187,99746.8842765134,176304.64128168,"CRC"
"KRAS G12V",57.0587241523765,100127.343471602,176302.593731942,"CRC"
"KRAS G12V",57.2008451626343,100506.937997657,176300.546182203,"CRC"
"KRAS G12V",57.3429661728921,100774.782465092,176295.217431956,"CRC"
"KRAS G12V",57.4850871831499,101129.765825057,176289.538857189,"CRC"
"KRAS G12V",57.6272081934076,101346.598177628,176243.975657177,"CRC"
"KRAS G12V",57.7693292036654,101582.229951386,176189.780846707,"CRC"
"KRAS G12V",57.9114502139232,101846.160334832,176203.111334166,"CRC"
"KRAS G12V",58.053571224181,102116.224225463,176228.031945646,"CRC"
"KRAS G12V",58.1956922344388,102381.849269702,176275.369438334,"CRC"
"KRAS G12V",58.3378132446966,102649.693737137,176242.99577007,"CRC"
"KRAS G12V",58.4799342549543,102917.538204572,176218.179581651,"CRC"
"KRAS G12V",58.6220552652121,103149.048476333,176191.249238051,"CRC"
"KRAS G12V",58.7641762754699,103259.25806513,176170.368087863,"CRC"
"KRAS G12V",58.9062972857277,103585.339392287,176197.7679662,"CRC"
"KRAS G12V",59.0484182959855,103892.094715717,176262.999283523,"CRC"
"KRAS G12V",59.1905393062433,104048.584122034,176271.88048586,"CRC"
"KRAS G12V",59.332660316501,104291.288104027,176268.131818497,"CRC"
"KRAS G12V",59.4747813267588,104546.037028354,176267.785386382,"CRC"
"KRAS G12V",59.6169023370166,104686.647538593,176301.2811788,"CRC"
"KRAS G12V",59.7590233472744,105015.509535471,176389.961929666,"CRC"
"KRAS G12V",59.9011443575322,105332.427641844,176549.340818812,"CRC"
"KRAS G12V",60.04326536779,105636.316097342,176457.858742415,"CRC"
"KRAS G12V",60.1853863780477,105933.424716791,176493.863408472,"CRC"
"KRAS G12V",60.3275073883055,106217.10500502,176688.73943715,"CRC"
"KRAS G12V",60.4696283985633,106457.218282047,176765.82053135,"CRC"
"KRAS G12V",60.6117494088211,106703.933085856,176858.154948497,"CRC"
"KRAS G12V",60.7538704190789,106939.87492175,176770.310951776,"CRC"
"KRAS G12V",60.8959914293367,107233.855020739,176813.611783975,"CRC"
"KRAS G12V",61.0381124395944,107452.070959397,177011.628966622,"CRC"
"KRAS G12V",61.1802334498522,107706.039351465,177103.454203177,"CRC"
"KRAS G12V",61.32235446011,107887.192133524,177350.625139543,"CRC"
"KRAS G12V",61.4644754703678,108108.10135497,177361.005702226,"CRC"
"KRAS G12V",61.6065964806256,108302.57564123,177374.746951638,"CRC"
"KRAS G12V",61.7487174908834,108555.966669589,177489.112801971,"CRC"
"KRAS G12V",61.8908385011411,108853.386136784,177611.370649264,"CRC"
"KRAS G12V",62.0329595113989,109153.268260719,177844.481719255,"CRC"
"KRAS G12V",62.1750805216567,109302.490321144,177824.280119306,"CRC"
"KRAS G12V",62.3172015319145,109591.767182561,177995.978660313,"CRC"
"KRAS G12V",62.4593225421723,109628.711823234,178063.937657779,"CRC"
"KRAS G12V",62.6014435524301,109837.051395992,178193.748976966,"CRC"
"KRAS G12V",62.7435645626879,109911.863580946,178510.744214005,"CRC"
"KRAS G12V",62.8856855729456,110114.144013219,178616.858270413,"CRC"
"KRAS G12V",63.0278065832034,110282.05063337,178618.990312069,"CRC"
"KRAS G12V",63.1699275934612,110487.642207456,178893.583964319,"CRC"
"KRAS G12V",63.312048603719,110731.348797322,179071.719775641,"CRC"
"KRAS G12V",63.4541696139768,110946.742726186,179187.141320911,"CRC"
"KRAS G12V",63.5962906242346,111162.214956725,179359.226706694,"CRC"
"KRAS G12V",63.7384116344923,111348.553581424,179448.865184604,"CRC"
"KRAS G12V",63.8805326447501,111512.438351085,179589.920251625,"CRC"
"KRAS G12V",64.0226536550079,111648.42972112,179764.878034363,"CRC"
"KRAS G12V",64.1647746652657,111773.96699202,179918.953994902,"CRC"
"KRAS G12V",64.3068956755235,111896.7304647,179983.888232731,"CRC"
"KRAS G12V",64.4490166857813,112074.319631195,180220.299954159,"CRC"
"KRAS G12V",64.591137696039,112219.591850416,180417.642060847,"CRC"
"KRAS G12V",64.7332587062968,112298.199228557,180557.181069409,"CRC"
"KRAS G12V",64.8753797165546,112524.240880582,180870.971300124,"CRC"
"KRAS G12V",65.0175007268124,112764.263587055,181188.329706519,"CRC"
"KRAS G12V",65.1596217370702,112811.467683431,181418.356864768,"CRC"
"KRAS G12V",65.301742747328,112943.525781706,181650.511821541,"CRC"
"KRAS G12V",65.4438637575857,113073.568234869,181884.124415968,"CRC"
"KRAS G12V",65.5859847678435,113327.800320711,182168.529695064,"CRC"
"KRAS G12V",65.7281057781013,113520.867640068,182338.159225511,"CRC"
"KRAS G12V",65.8702267883591,113526.558228809,182631.202866881,"CRC"
"KRAS G12V",66.0123477986169,113628.645466422,182957.496474481,"CRC"
"KRAS G12V",66.1544688088747,113661.957128437,183477.870631907,"CRC"
"KRAS G12V",66.2965898191324,113601.28566662,183894.700413138,"CRC"
"KRAS G12V",66.4387108293902,113714.185801255,184405.327482852,"CRC"
"KRAS G12V",66.580831839648,113778.339675011,184695.757387759,"CRC"
"KRAS G12V",66.7229528499058,113980.788613604,184974.716951509,"CRC"
"KRAS G12V",66.8650738601636,114009.57655586,185313.980575064,"CRC"
"KRAS G12V",67.0071948704214,114132.718643371,185680.507510283,"CRC"
"KRAS G12V",67.1493158806792,114279.710460657,185987.984547066,"CRC"
"KRAS G12V",67.2914368909369,114397.397968977,186285.992771848,"CRC"
"KRAS G12V",67.4335579011947,114595.329697283,186664.61516466,"CRC"
"KRAS G12V",67.5756789114525,114679.178599321,186899.346293176,"CRC"
"KRAS G12V",67.7177999217103,114739.597239971,187280.364883599,"CRC"
"KRAS G12V",67.8599209319681,114936.192066365,187767.31186923,"CRC"
"KRAS G12V",68.0020419422258,115101.60192272,187948.757191936,"CRC"
"KRAS G12V",68.1441629524836,115150.912844672,188119.45588483,"CRC"
"KRAS G12V",68.2862839627414,115238.431435824,188432.310716831,"CRC"
"KRAS G12V",68.4284049729992,115290.476618632,188793.490558601,"CRC"
"KRAS G12V",68.570525983257,115390.701084209,188953.283777947,"CRC"
"KRAS G12V",68.7126469935148,115352.864963186,189390.899872944,"CRC"
"KRAS G12V",68.8547680037726,115365.07203786,189794.506788188,"CRC"
"KRAS G12V",68.9968890140303,115462.764835566,190379.281726259,"CRC"
"KRAS G12V",69.1390100242881,115512.678028605,190517.960670748,"CRC"
"KRAS G12V",69.2811310345459,115544.608718255,190888.979316882,"CRC"
"KRAS G12V",69.4232520448037,115540.97755127,191181.196386154,"CRC"
"KRAS G12V",69.5653730550615,115643.290475727,191643.581518017,"CRC"
"KRAS G12V",69.7074940653193,115759.847362269,191939.896861375,"CRC"
"KRAS G12V",69.849615075577,115857.620173895,192488.540524716,"CRC"
"KRAS G12V",69.9917360858348,115853.30760328,193129.339283713,"CRC"
"KRAS G12V",70.1338570960926,115862.531044202,193674.79809259,"CRC"
"KRAS G12V",70.2759781063504,115841.032808093,194127.290780894,"CRC"
"KRAS G12V",70.4180991166082,115849.094570835,194419.193098117,"CRC"
"KRAS G12V",70.560220126866,115906.502970395,194847.805656733,"CRC"
"KRAS G12V",70.7023411371237,115826.211070895,195301.486920975,"CRC"
"KRAS G12V",70.8444621473815,115780.727005901,195592.716502683,"CRC"
"KRAS G12V",70.9865831576393,115839.463265095,195849.034011753,"CRC"
"KRAS G12V",71.1287041678971,115856.998255287,196156.108414742,"CRC"
"KRAS G12V",71.2708251781549,115800.794518824,196546.444458077,"CRC"
"KRAS G12V",71.4129461884127,115989.35806541,197195.48122505,"CRC"
"KRAS G12V",71.5550671986704,116056.095743479,197735.564700189,"CRC"
"KRAS G12V",71.6971882089282,116212.769672976,198066.200799599,"CRC"
"KRAS G12V",71.839309219186,116026.258980533,198493.261533896,"CRC"
"KRAS G12V",71.9814302294438,116093.953611613,198943.007332872,"CRC"
"KRAS G12V",72.1235512397016,116182.784423802,199322.262173386,"CRC"
"KRAS G12V",72.2656722499594,116276.228173868,199778.921114787,"CRC"
"KRAS G12V",72.4077932602171,116343.035372104,200151.113510735,"CRC"
"KRAS G12V",72.5499142704749,116258.362192136,200629.699984456,"CRC"
"KRAS G12V",72.6920352807327,116255.91820221,200922.705337031,"CRC"
"KRAS G12V",72.8341562909905,116242.479094367,201315.816303559,"CRC"
"KRAS G12V",72.9762773012483,116079.64230862,201821.728374778,"CRC"
"KRAS G12V",73.1183983115061,116125.446152401,202231.996469143,"CRC"
"KRAS G12V",73.2605193217639,116070.665197098,202635.150031063,"CRC"
"KRAS G12V",73.4026403320216,115986.2901606,203121.556118635,"CRC"
"KRAS G12V",73.5447613422794,116058.728068817,203699.882407569,"CRC"
"KRAS G12V",73.6868823525372,116120.568119383,204205.651585344,"CRC"
"KRAS G12V",73.829003362795,116029.665566784,204589.764758435,"CRC"
"KRAS G12V",73.9711243730528,116050.979204108,205026.925655338,"CRC"
"KRAS G12V",74.1132453833106,116164.72115252,205539.861751914,"CRC"
"KRAS G12V",74.2553663935683,116162.94644882,206041.75242414,"CRC"
"KRAS G12V",74.3974874038261,116148.055063912,206543.429834817,"CRC"
"KRAS G12V",74.5396084140839,116058.319475003,207101.466543304,"CRC"
"KRAS G12V",74.6817294243417,115913.147242326,207552.681603373,"CRC"
"KRAS G12V",74.8238504345995,115652.670357127,207999.841879425,"CRC"
"KRAS G12V",74.9659714448572,115736.958125635,208542.826354164,"CRC"
"KRAS G12V",75.108092455115,115739.618047518,209136.483814563,"CRC"
"KRAS G12V",75.2502134653728,115797.97131087,209604.582208847,"CRC"
"KRAS G12V",75.3923344756306,115819.011459655,210016.934807067,"CRC"
"KRAS G12V",75.5344554858884,115724.596558979,210468.360558217,"CRC"
"KRAS G12V",75.6765764961462,115671.781450398,211040.553428162,"CRC"
"KRAS G12V",75.818697506404,115537.098067713,211589.149018105,"CRC"
"KRAS G12V",75.9608185166617,115384.472776992,212011.603586204,"CRC"
"KRAS G12V",76.1029395269195,115402.737566423,212454.296206706,"CRC"
"KRAS G12V",76.2450605371773,115354.356406487,212917.961659655,"CRC"
"KRAS G12V",76.3871815474351,115320.210020921,213407.723356262,"CRC"
"KRAS G12V",76.5293025576929,115252.94819277,214022.19086396,"CRC"
"KRAS G12V",76.6714235679507,115267.388951042,214545.749338772,"CRC"
"KRAS G12V",76.8135445782085,115245.528696274,215063.965112385,"CRC"
"KRAS G12V",76.9556655884662,115216.408982659,215591.245854008,"CRC"
"KRAS G12V",77.097786598724,115163.443219469,216106.572904274,"CRC"
"KRAS G12V",77.2399076089818,115001.761099566,216584.341485647,"CRC"
"KRAS G12V",77.3820286192396,115002.023386763,217130.440244732,"CRC"
"KRAS G12V",77.5241496294974,114893.789109242,217565.147152416,"CRC"
"KRAS G12V",77.6662706397551,114821.689612417,218093.7619636,"CRC"
"KRAS G12V",77.8083916500129,114731.547908669,218665.048457418,"CRC"
"KRAS G12V",77.9505126602707,114622.821723945,219218.584616383,"CRC"
"KRAS G12V",78.0926336705285,114559.954413899,219751.484884744,"CRC"
"KRAS G12V",78.2347546807863,114528.819667934,220288.266648796,"CRC"
"KRAS G12V",78.3768756910441,114393.18118613,220814.121319397,"CRC"
"KRAS G12V",78.5189967013018,114097.75829796,221306.415959122,"CRC"
"KRAS G12V",78.6611177115596,113956.803267391,221798.710598848,"CRC"
"KRAS G12V",78.8032387218174,113906.860833731,222270.769159825,"CRC"
"KRAS G12V",78.9453597320752,113913.112264975,222681.351493984,"CRC"
"KRAS G12V",79.087480742333,113706.712279467,223084.869500469,"CRC"
"KRAS G12V",79.2296017525908,113612.783275089,223435.987338676,"CRC"
"KRAS G12V",79.3717227628485,113481.916027361,224041.516799215,"CRC"
"KRAS G12V",79.5138437731063,113279.194387088,224647.046259753,"CRC"
"KRAS G12V",79.6559647833641,113182.840842727,225244.773076925,"CRC"
"KRAS G12V",79.7980857936219,113072.66900514,225737.067716651,"CRC"
"KRAS G12V",79.9402068038797,112930.33542065,226228.362644546,"CRC"
"KRAS G12V",80.0823278141375,112865.368340408,226701.866197242,"CRC"
"KRAS G12V",80.2244488243953,112657.09100615,227205.931989345,"CRC"
"KRAS G12V",80.366569834653,112594.282037138,227706.246275552,"CRC"
"KRAS G12V",80.5086908449108,112486.001066194,228194.591889041,"CRC"
"KRAS G12V",80.6508118551686,112422.35528228,228685.405197683,"CRC"
"KRAS G12V",80.7929328654264,112227.104105385,229183.130194728,"CRC"
"KRAS G12V",80.9350538756842,112096.934558885,229682.993800027,"CRC"
"KRAS G12V",81.077174885942,112008.255172821,230204.281822884,"CRC"
"KRAS G12V",81.2192958961997,111835.807017165,230730.648293299,"CRC"
"KRAS G12V",81.3614169064575,111702.922261067,231286.325591834,"CRC"
"KRAS G12V",81.5035379167153,111637.326295681,231805.583776959,"CRC"
"KRAS G12V",81.6456589269731,111622.214074837,232391.251174894,"CRC"
"KRAS G12V",81.7877799372309,111631.13490671,232928.885655572,"CRC"
"KRAS G12V",81.9299009474886,111464.324352402,233468.556548385,"CRC"
"KRAS G12V",82.0720219577464,111406.847876416,233981.16241227,"CRC"
"KRAS G12V",82.2141429680042,111384.630355486,234543.23873056,"CRC"
"KRAS G12V",82.356263978262,111323.005894234,235102.779931418,"CRC"
"KRAS G12V",82.4983849885198,111216.094381505,235661.655474641,"CRC"
"KRAS G12V",82.6405059987776,111163.751033237,236220.531017863,"CRC"
"KRAS G12V",82.7826270090354,111106.427489404,236779.406561085,"CRC"
"KRAS G12V",82.9247480192931,111068.919503912,237338.282104307,"CRC"
"KRAS G12V",83.0668690295509,111017.283303183,237897.157647529,"CRC"
"KRAS G12V",83.2089900398087,110927.479057905,238456.033190752,"CRC"
"KRAS G12V",83.3511110500665,110802.875010105,238853.817357047,"CRC"
"KRAS G12V",83.4932320603243,110580.22482898,239366.241022066,"CRC"
"KRAS G12V",83.6353530705821,110306.852153915,239849.451897273,"CRC"
"KRAS G12V",83.7774740808399,110021.525538613,240369.797762695,"CRC"
"KRAS G12V",83.9195950910976,109810.844807454,240928.049892656,"CRC"
"KRAS G12V",84.0617161013554,109701.159750117,241447.056551164,"CRC"
"KRAS G12V",84.2038371116132,109684.425822309,241986.092760136,"CRC"
"KRAS G12V",84.345958121871,109661.4596058,242530.506407299,"CRC"
"KRAS G12V",84.4880791321288,109578.159861413,243091.031065827,"CRC"
"KRAS G12V",84.6302001423865,109399.80990767,243651.555724356,"CRC"
"KRAS G12V",84.7723211526443,109175.477050308,244197.636599438,"CRC"
"KRAS G12V",84.9144421629021,108935.897341548,244734.458330258,"CRC"
"KRAS G13D",34.8720054757016,23078.138631386,44588.6465991437,"CRC"
"KRAS G13D",35.03771412351,23078.138631386,44588.6465267713,"CRC"
"KRAS G13D",35.2034227713185,23078.138631386,44588.6464498389,"CRC"
"KRAS G13D",35.369131419127,23078.138631386,44588.6463680589,"CRC"
"KRAS G13D",35.5348400669354,23078.138631386,44588.6462811253,"CRC"
"KRAS G13D",35.7005487147439,23078.138631386,44588.6461887129,"CRC"
"KRAS G13D",35.8662573625523,23078.138631386,44588.6460904758,"CRC"
"KRAS G13D",36.0319660103608,23078.138631386,44588.6459860462,"CRC"
"KRAS G13D",36.1976746581693,23078.138631386,44588.6458750334,"CRC"
"KRAS G13D",36.3633833059777,23078.138631386,44588.6457570215,"CRC"
"KRAS G13D",36.5290919537862,23078.138631386,44588.6456315686,"CRC"
"KRAS G13D",36.6948006015946,23078.138631386,44588.6454982048,"CRC"
"KRAS G13D",36.8605092494031,23078.138631386,44588.6453564304,"CRC"
"KRAS G13D",37.0262178972116,23078.138631386,44588.6452057142,"CRC"
"KRAS G13D",37.19192654502,23078.138631386,44588.6450454912,"CRC"
"KRAS G13D",37.3576351928285,23078.138631386,44588.6448751609,"CRC"
"KRAS G13D",37.5233438406369,23078.138631386,44588.6446940845,"CRC"
"KRAS G13D",37.6890524884454,23078.138631386,44588.6445015831,"CRC"
"KRAS G13D",37.8547611362539,23078.138631386,44588.6442969344,"CRC"
"KRAS G13D",38.0204697840623,23078.138631386,44588.6440793709,"CRC"
"KRAS G13D",38.1861784318708,23078.138631386,44588.643848076,"CRC"
"KRAS G13D",38.3518870796792,23078.138631386,44588.6436021816,"CRC"
"KRAS G13D",38.5175957274877,23078.138631386,44588.6433407647,"CRC"
"KRAS G13D",38.6833043752962,23078.138631386,44588.6430628437,"CRC"
"KRAS G13D",38.8490130231046,23078.138631386,44588.6427673748,"CRC"
"KRAS G13D",39.0147216709131,23078.138631386,44588.6424532483,"CRC"
"KRAS G13D",39.1804303187215,23078.138631386,44588.6421192839,"CRC"
"KRAS G13D",39.34613896653,23078.138631386,44588.6417642266,"CRC"
"KRAS G13D",39.5118476143385,23078.138631386,44588.6413867419,"CRC"
"KRAS G13D",39.6775562621469,23078.138631386,44588.6409854107,"CRC"
"KRAS G13D",39.8432649099554,23078.138631386,44588.640558724,"CRC"
"KRAS G13D",40.0089735577638,23078.138631386,44588.6401050768,"CRC"
"KRAS G13D",40.1746822055723,23078.138631386,44588.6396227628,"CRC"
"KRAS G13D",40.3403908533808,23078.138631386,44588.6391099672,"CRC"
"KRAS G13D",40.5060995011892,23078.138631386,44588.6385647601,"CRC"
"KRAS G13D",40.6718081489977,23078.138631386,44588.6379850892,"CRC"
"KRAS G13D",40.8375167968061,23078.138631386,44588.637368772,"CRC"
"KRAS G13D",41.0032254446146,23078.138631386,44588.6367134877,"CRC"
"KRAS G13D",41.1689340924231,23078.138631386,44588.636016768,"CRC"
"KRAS G13D",41.3346427402315,23078.138631386,44588.635275988,"CRC"
"KRAS G13D",41.50035138804,23078.138631386,44588.6344883562,"CRC"
"KRAS G13D",41.6660600358485,23078.138631386,44588.6336509039,"CRC"
"KRAS G13D",41.8317686836569,23078.138631386,44588.6327604739,"CRC"
"KRAS G13D",41.9974773314654,23078.138631386,44588.6318137085,"CRC"
"KRAS G13D",42.1631859792738,23078.138631386,44588.6308070369,"CRC"
"KRAS G13D",42.3288946270823,23078.138631386,44588.6297366614,"CRC"
"KRAS G13D",42.4946032748907,23078.138631386,44588.628598543,"CRC"
"KRAS G13D",42.6603119226992,23078.138631386,44588.6273883862,"CRC"
"KRAS G13D",42.8260205705077,23078.138631386,44588.6261016224,"CRC"
"KRAS G13D",42.9917292183161,23078.138631386,44588.624733393,"CRC"
"KRAS G13D",43.1574378661246,23078.138631386,44588.6232785304,"CRC"
"KRAS G13D",43.3231465139331,23078.138631386,44588.6217315384,"CRC"
"KRAS G13D",43.4888551617415,23078.138631386,44588.6200865716,"CRC"
"KRAS G13D",43.65456380955,23078.138631386,44588.6183374129,"CRC"
"KRAS G13D",43.8202724573584,23078.138631386,44588.6164774497,"CRC"
"KRAS G13D",43.9859811051669,23078.138631386,44588.6144996492,"CRC"
"KRAS G13D",44.1516897529754,23078.138631386,44588.612396531,"CRC"
"KRAS G13D",44.3173984007838,23078.138631386,44588.6101601388,"CRC"
"KRAS G13D",44.4831070485923,23078.138631386,44588.6077820101,"CRC"
"KRAS G13D",44.6488156964007,23078.138631386,44588.6052531442,"CRC"
"KRAS G13D",44.8145243442092,23078.138631386,44588.6025639672,"CRC"
"KRAS G13D",44.9802329920177,23078.138631386,44588.5997042961,"CRC"
"KRAS G13D",45.1459416398261,23078.138631386,44588.5966632995,"CRC"
"KRAS G13D",45.3116502876346,23078.138631386,44588.5934294564,"CRC"
"KRAS G13D",45.477358935443,23078.138631386,44588.5899905123,"CRC"
"KRAS G13D",45.6430675832515,23078.138631386,44588.5863334321,"CRC"
"KRAS G13D",45.80877623106,23078.138631386,44588.5824443508,"CRC"
"KRAS G13D",45.9744848788684,23078.138631386,44588.5783085196,"CRC"
"KRAS G13D",46.1401935266769,23078.138631386,44588.5739102505,"CRC"
"KRAS G13D",46.3059021744853,23078.138631386,44588.5692328556,"CRC"
"KRAS G13D",46.4716108222938,23078.138631386,44588.5642585836,"CRC"
"KRAS G13D",46.6373194701023,23078.138631386,44588.5589685517,"CRC"
"KRAS G13D",46.8030281179107,23078.138631386,44588.5533426733,"CRC"
"KRAS G13D",46.9687367657192,23078.138631386,44588.5473595813,"CRC"
"KRAS G13D",47.1344454135276,23078.138631386,44588.5409965459,"CRC"
"KRAS G13D",47.3001540613361,23078.138631386,44588.5342293878,"CRC"
"KRAS G13D",47.4658627091446,23078.138631386,44588.5270323854,"CRC"
"KRAS G13D",47.631571356953,23078.138631386,44584.3546270517,"CRC"
"KRAS G13D",47.7972800047615,23078.138631386,44584.3426898357,"CRC"
"KRAS G13D",47.9629886525699,23078.138631386,44584.3300115053,"CRC"
"KRAS G13D",48.1286973003784,23078.138631386,44584.3165460491,"CRC"
"KRAS G13D",48.2944059481869,23078.138631386,44584.3022445997,"CRC"
"KRAS G13D",48.4601145959953,23078.138631386,44584.2870552555,"CRC"
"KRAS G13D",48.6258232438038,23078.138631386,44584.2709228929,"CRC"
"KRAS G13D",48.7915318916122,23078.138631386,44584.2537889661,"CRC"
"KRAS G13D",48.9572405394207,23078.138631386,44584.2355912946,"CRC"
"KRAS G13D",49.1229491872292,23078.138631386,44580.9266647284,"CRC"
"KRAS G13D",49.2886578350376,23078.138631386,44580.9173633973,"CRC"
"KRAS G13D",49.4543664828461,23078.138631386,44580.9074825248,"CRC"
"KRAS G13D",49.6200751306545,23078.138631386,44580.8969859347,"CRC"
"KRAS G13D",49.785783778463,23078.138631386,44580.8858351865,"CRC"
"KRAS G13D",49.9514924262715,23078.138631386,44580.873989433,"CRC"
"KRAS G13D",50.1172010740799,23078.138631386,44580.8614052689,"CRC"
"KRAS G13D",50.2829097218884,23078.138631386,44580.8480365698,"CRC"
"KRAS G13D",50.4486183696968,23078.138631386,44580.8338343216,"CRC"
"KRAS G13D",50.6143270175053,23078.138631386,44580.8187464378,"CRC"
"KRAS G13D",50.7800356653138,23078.138631386,44580.8027175669,"CRC"
"KRAS G13D",50.9457443131222,23078.138631386,44580.785688886,"CRC"
"KRAS G13D",51.1114529609307,23078.138631386,44580.7675978824,"CRC"
"KRAS G13D",51.2771616087391,23078.138631386,44567.8269109471,"CRC"
"KRAS G13D",51.4428702565476,23078.138631386,44558.2347649946,"CRC"
"KRAS G13D",51.6085789043561,23078.138631386,44557.522659128,"CRC"
"KRAS G13D",51.7742875521645,23078.138631386,44556.778032815,"CRC"
"KRAS G13D",51.939996199973,23078.138631386,44555.9994025827,"CRC"
"KRAS G13D",52.1057048477815,23078.138631386,44555.1852174429,"CRC"
"KRAS G13D",52.2714134955899,23078.138631386,44554.3338558334,"CRC"
"KRAS G13D",52.4371221433984,23078.138631386,44553.4436224229,"CRC"
"KRAS G13D",52.6028307912068,23078.138631386,44552.5127447724,"CRC"
"KRAS G13D",52.7685394390153,23078.138631386,44551.5393698465,"CRC"
"KRAS G13D",52.9342480868238,23078.138631386,44533.3053110652,"CRC"
"KRAS G13D",53.0999567346322,23078.138631386,44513.6157043913,"CRC"
"KRAS G13D",53.2656653824407,23078.138631386,44513.567304294,"CRC"
"KRAS G13D",53.4313740302491,23078.138631386,44513.5154321281,"CRC"
"KRAS G13D",53.5970826780576,23078.138631386,44513.4598388276,"CRC"
"KRAS G13D",53.7627913258661,23078.138631386,44513.4002574609,"CRC"
"KRAS G13D",53.9284999736745,23078.138631386,44513.3364019504,"CRC"
"KRAS G13D",54.094208621483,23078.138631386,44512.7429944702,"CRC"
"KRAS G13D",54.2599172692914,23078.138631386,44511.2563012998,"CRC"
"KRAS G13D",54.4256259170999,23078.138631386,44509.7009662526,"CRC"
"KRAS G13D",54.5913345649084,23078.138631386,44508.0738068371,"CRC"
"KRAS G13D",54.7570432127168,23078.138631386,44506.3714922558,"CRC"
"KRAS G13D",54.9227518605253,23078.138631386,44494.5140364533,"CRC"
"KRAS G13D",55.0884605083337,23078.138631386,44491.6196547554,"CRC"
"KRAS G13D",55.2541691561422,23078.138631386,44489.2701389013,"CRC"
"KRAS G13D",55.4198778039507,23078.138631386,44487.6135148309,"CRC"
"KRAS G13D",55.5855864517591,23078.138631386,44485.5372159498,"CRC"
"KRAS G13D",55.7512950995676,23078.138631386,44483.3663709168,"CRC"
"KRAS G13D",55.917003747376,23078.138631386,44474.92657134,"CRC"
"KRAS G13D",56.0827123951845,23078.138631386,44471.0924458467,"CRC"
"KRAS G13D",56.248421042993,23078.138631386,44465.4123714196,"CRC"
"KRAS G13D",56.4141296908014,23078.138631386,44463.8262056177,"CRC"
"KRAS G13D",56.5798383386099,23078.138631386,44461.6022990944,"CRC"
"KRAS G13D",56.7455469864183,23078.138631386,44459.2650375779,"CRC"
"KRAS G13D",56.9112556342268,23078.138631386,44456.8086243966,"CRC"
"KRAS G13D",57.0769642820353,23078.138631386,44454.7363441138,"CRC"
"KRAS G13D",57.2426729298437,23078.138631386,44454.6943774721,"CRC"
"KRAS G13D",57.4083815776522,23078.138631386,44454.648722946,"CRC"
"KRAS G13D",57.5740902254606,23078.138631386,44454.599056476,"CRC"
"KRAS G13D",57.7397988732691,23078.138631386,44435.195782115,"CRC"
"KRAS G13D",57.9055075210776,23078.138631386,44413.390035275,"CRC"
"KRAS G13D",58.071216168886,23078.138631386,44336.5945892297,"CRC"
"KRAS G13D",58.2369248166945,23078.138631386,44287.1036600351,"CRC"
"KRAS G13D",58.4026334645029,23078.138631386,44282.4395169704,"CRC"
"KRAS G13D",58.5683421123114,23078.138631386,44279.8164169023,"CRC"
"KRAS G13D",58.7340507601199,23078.138631386,44277.0533326961,"CRC"
"KRAS G13D",58.8997594079283,23078.138631386,44269.3843333164,"CRC"
"KRAS G13D",59.0654680557368,23078.138631386,44227.8119880605,"CRC"
"KRAS G13D",59.2311767035452,23078.138631386,44225.1112934801,"CRC"
"KRAS G13D",59.3968853513537,23078.138631386,44160.8842203261,"CRC"
"KRAS G13D",59.5625939991622,23078.138631386,44159.2981845137,"CRC"
"KRAS G13D",59.7283026469706,23078.138631386,44157.611671486,"CRC"
"KRAS G13D",59.8940112947791,23078.138631386,44156.186344727,"CRC"
"KRAS G13D",60.0597199425875,23078.138631386,44154.8006535466,"CRC"
"KRAS G13D",60.225428590396,23078.138631386,44153.3187315168,"CRC"
"KRAS G13D",60.3911372382045,23078.138631386,44151.7339029317,"CRC"
"KRAS G13D",60.5568458860129,23078.138631386,44150.0390300077,"CRC"
"KRAS G13D",60.7225545338214,23078.138631386,44148.2264810476,"CRC"
"KRAS G13D",60.8882631816298,23078.138631386,44146.2880964322,"CRC"
"KRAS G13D",61.0539718294383,23078.138631386,44141.6042828729,"CRC"
"KRAS G13D",61.2196804772468,23078.138631386,44138.847933176,"CRC"
"KRAS G13D",61.3853891250552,23078.138631386,44137.7564358381,"CRC"
"KRAS G13D",61.5510977728637,23078.138631386,44136.588205531,"CRC"
"KRAS G13D",61.7168064206721,23078.138631386,44116.3879301354,"CRC"
"KRAS G13D",61.8825150684806,23078.138631386,44061.0340898451,"CRC"
"KRAS G13D",62.0482237162891,23078.138631386,44024.8208160155,"CRC"
"KRAS G13D",62.2139323640975,23078.138631386,44003.2368172637,"CRC"
"KRAS G13D",62.379641011906,23078.138631386,43971.1473698402,"CRC"
"KRAS G13D",62.5453496597144,23077.9242955076,43947.0800997773,"CRC"
"KRAS G13D",62.7110583075229,23077.1775767041,43925.4106092662,"CRC"
"KRAS G13D",62.8767669553314,23076.4096935557,43920.2287675907,"CRC"
"KRAS G13D",63.0424756031398,23075.5921202796,43910.933729042,"CRC"
"KRAS G13D",63.2081842509483,23074.7216500126,43883.410081795,"CRC"
"KRAS G13D",63.3738928987568,23073.7948700806,43862.0726588771,"CRC"
"KRAS G13D",63.5396015465652,23073.3240192248,43844.8758391435,"CRC"
"KRAS G13D",63.7053101943737,23073.3240192248,43823.1019950033,"CRC"
"KRAS G13D",63.8710188421821,23069.4777513463,43778.3363763461,"CRC"
"KRAS G13D",64.0367274899906,23067.8275803267,43759.6175431607,"CRC"
"KRAS G13D",64.2024361377991,23067.8275803267,43680.8835789334,"CRC"
"KRAS G13D",64.3681447856075,23067.8275803267,43626.2976643785,"CRC"
"KRAS G13D",64.533853433416,23067.8275803267,43533.9220443314,"CRC"
"KRAS G13D",64.6995620812244,23067.8275803267,43437.1940616197,"CRC"
"KRAS G13D",64.8652707290329,23067.8275803267,43404.0620022972,"CRC"
"KRAS G13D",65.0309793768414,23067.8275803267,43385.9986666499,"CRC"
"KRAS G13D",65.1966880246498,23067.8275803267,43361.1291892655,"CRC"
"KRAS G13D",65.3623966724583,23067.8275803267,43339.6708672818,"CRC"
"KRAS G13D",65.5281053202667,23067.8275803267,43338.5278249939,"CRC"
"KRAS G13D",65.6938139680752,23066.7371861571,43299.4954061046,"CRC"
"KRAS G13D",65.8595226158837,23060.7357908763,43232.1496146274,"CRC"
"KRAS G13D",66.0252312636921,23058.7562700883,43183.1106259039,"CRC"
"KRAS G13D",66.1909399115006,23056.9147693036,43169.5410611098,"CRC"
"KRAS G13D",66.356648559309,23055.8870912341,43087.9634835919,"CRC"
"KRAS G13D",66.5223572071175,23055.8870912341,43036.3532135024,"CRC"
"KRAS G13D",66.688065854926,23055.8870912341,42892.8614638549,"CRC"
"KRAS G13D",66.8537745027344,23055.8870912341,42830.8406594531,"CRC"
"KRAS G13D",67.0194831505429,23055.8870912341,42783.5555745675,"CRC"
"KRAS G13D",67.1851917983513,23055.8870912341,42771.0060920962,"CRC"
"KRAS G13D",67.3509004461598,23055.8870912341,42741.0524371875,"CRC"
"KRAS G13D",67.5166090939683,23055.8870912341,42713.0677310942,"CRC"
"KRAS G13D",67.6823177417767,23055.8870912341,42579.9274142766,"CRC"
"KRAS G13D",67.8480263895852,23055.8870912341,42487.3725585937,"CRC"
"KRAS G13D",68.0137350373936,23055.8870912341,42422.0670723029,"CRC"
"KRAS G13D",68.1794436852021,23055.8870912341,42378.2846968838,"CRC"
"KRAS G13D",68.3451523330106,23055.8870912341,42311.9158945238,"CRC"
"KRAS G13D",68.510860980819,23055.8870912341,42242.8635309476,"CRC"
"KRAS G13D",68.6765696286275,23055.8870912341,42206.985343561,"CRC"
"KRAS G13D",68.8422782764359,23045.9542021797,42179.8173032746,"CRC"
"KRAS G13D",69.0079869242444,23045.9542021797,42133.4699521962,"CRC"
"KRAS G13D",69.1736955720529,23045.9542021797,42075.3415035628,"CRC"
"KRAS G13D",69.3394042198613,23045.9542021797,41984.6370511391,"CRC"
"KRAS G13D",69.5051128676698,23045.9542021797,41955.2108960146,"CRC"
"KRAS G13D",69.6708215154783,23045.9542021797,41896.1706874363,"CRC"
"KRAS G13D",69.8365301632867,23035.7599628207,41855.3396217053,"CRC"
"KRAS G13D",70.0022388110952,23035.7599628207,41755.5790092472,"CRC"
"KRAS G13D",70.1679474589036,23030.6016179977,41681.4550251359,"CRC"
"KRAS G13D",70.3336561067121,23030.6016179977,41612.4871559065,"CRC"
"KRAS G13D",70.4993647545205,23030.6016179977,41566.1418652451,"CRC"
"KRAS G13D",70.665073402329,23030.6016179977,41538.0685083021,"CRC"
"KRAS G13D",70.8307820501375,23020.816308212,41471.4377189745,"CRC"
"KRAS G13D",70.9964906979459,23020.816308212,41378.1188230219,"CRC"
"KRAS G13D",71.1621993457544,23010.7261647723,41291.9275684182,"CRC"
"KRAS G13D",71.3279079935628,23010.7261647723,41225.4277962376,"CRC"
"KRAS G13D",71.4936166413713,23010.7261647723,41137.709302489,"CRC"
"KRAS G13D",71.6593252891798,23008.9249064254,41047.3790498613,"CRC"
"KRAS G13D",71.8250339369882,23006.1852860527,40961.196681358,"CRC"
"KRAS G13D",71.9907425847967,23006.1393679274,40887.4465952706,"CRC"
"KRAS G13D",72.1564512326051,22999.3346924563,40753.3236017796,"CRC"
"KRAS G13D",72.3221598804136,22991.7240307139,40739.8158293383,"CRC"
"KRAS G13D",72.4878685282221,22989.4836663219,40611.1752432219,"CRC"
"KRAS G13D",72.6535771760305,22988.3109948437,40550.9914332987,"CRC"
"KRAS G13D",72.819285823839,22980.69780621,40471.7399039811,"CRC"
"KRAS G13D",72.9849944716474,22962.2384962505,40434.775181149,"CRC"
"KRAS G13D",73.1507031194559,22950.0948028939,40302.3721919334,"CRC"
"KRAS G13D",73.3164117672644,22926.5013640167,40255.8683149543,"CRC"
"KRAS G13D",73.4821204150728,22874.4881957197,40148.407860135,"CRC"
"KRAS G13D",73.6478290628813,22864.3140780545,40090.2789111501,"CRC"
"KRAS G13D",73.8135377106898,22838.8240697975,40040.4605883194,"CRC"
"KRAS G13D",73.9792463584982,22826.8478894351,39966.6701071536,"CRC"
"KRAS G13D",74.1449550063067,22799.8878103775,39966.6701071536,"CRC"
"KRAS G13D",74.3106636541151,22757.3764445489,39899.1892927827,"CRC"
"KRAS G13D",74.4763723019236,22721.1932970381,39865.5773636445,"CRC"
"KRAS G13D",74.642080949732,22672.8680638572,39772.1766269608,"CRC"
"KRAS G13D",74.8077895975405,22585.2642799738,39722.3832794057,"CRC"
"KRAS G13D",74.973498245349,22543.4833935637,39628.8638417132,"CRC"
"KRAS G13D",75.1392068931574,22441.3398228165,39588.9311496514,"CRC"
"KRAS G13D",75.3049155409659,22367.2868449816,39471.9557075445,"CRC"
"KRAS G13D",75.4706241887744,22294.0483659066,39449.2280411773,"CRC"
"KRAS G13D",75.6363328365828,22249.1539694825,39370.5327897416,"CRC"
"KRAS G13D",75.8020414843913,22128.9514711215,39286.0377302686,"CRC"
"KRAS G13D",75.9677501321997,21970.4748360297,39250.2883531434,"CRC"
"KRAS G13D",76.1334587800082,21930.6204958744,39201.6416781944,"CRC"
"KRAS G13D",76.2991674278167,21808.6404806049,39136.0665143437,"CRC"
"KRAS G13D",76.4648760756251,21681.7209625835,39111.8174860876,"CRC"
"KRAS G13D",76.6305847234336,21484.3826314567,39054.6686908432,"CRC"
"KRAS G13D",76.796293371242,21368.2574127597,39004.002314837,"CRC"
"KRAS G13D",76.9620020190505,21062.0605658911,38950.5279743657,"CRC"
"KRAS G13D",77.127710666859,20767.5912628375,38886.2942185558,"CRC"
"KRAS G13D",77.2934193146674,20474.1977319412,38844.2982046919,"CRC"
"KRAS G13D",77.4591279624759,20103.4461419548,38824.1600584563,"CRC"
"KRAS G13D",77.6248366102843,19678.7506956656,38772.199398581,"CRC"
"KRAS G13D",77.7905452580928,19323.478122445,38745.6181558163,"CRC"
"KRAS G13D",77.9562539059013,18820.5849511293,38729.4912491278,"CRC"
"KRAS G13D",78.1219625537097,18288.2988627413,38666.9849175006,"CRC"
"KRAS G13D",78.2876712015182,17824.4259257482,38629.7581928031,"CRC"
"KRAS G13D",78.4533798493266,17225.3168912882,38607.2163368723,"CRC"
"KRAS G13D",78.6190884971351,16821.8080749748,38577.9087071701,"CRC"
"KRAS G13D",78.7847971449436,16321.9626017645,38533.1114359673,"CRC"
"KRAS G13D",78.950505792752,15810.5972394331,38519.4262683672,"CRC"
"KRAS G13D",79.1162144405605,15329.2134961347,38511.2954748141,"CRC"
"KRAS G13D",79.2819230883689,14865.9777580194,38509.3690962355,"CRC"
"KRAS G13D",79.4476317361774,14487.2973530082,38492.5601556177,"CRC"
"KRAS G13D",79.6133403839859,14111.0046538796,38490.5623501092,"CRC"
"KRAS G13D",79.7790490317943,13660.2795796772,38488.8892778983,"CRC"
"KRAS G13D",79.9447576796028,13234.6174171536,38478.8441214614,"CRC"
"KRAS G13D",80.1104663274112,12767.1343138118,38473.3278314176,"CRC"
"KRAS G13D",80.2761749752197,12177.0950441771,38473.3278314176,"CRC"
"KRAS G13D",80.4418836230282,11738.2522477333,38473.3278314176,"CRC"
"KRAS G13D",80.6075922708366,11127.5618778243,38454.1917734244,"CRC"
"KRAS G13D",80.7733009186451,10687.6384859662,38443.2897732196,"CRC"
"KRAS G13D",80.9390095664535,10271.8506571469,38443.2897732196,"CRC"
"KRAS G13D",81.104718214262,9812.9786532577,38443.2897732196,"CRC"
"KRAS G13D",81.2704268620705,9362.98318662897,38443.2897732196,"CRC"
"KRAS G13D",81.4361355098789,8979.06676021009,38423.6623010386,"CRC"
"KRAS G13D",81.6018441576874,8587.76151686503,38423.6623010386,"CRC"
"KRAS G13D",81.7675528054959,8176.00960928564,38405.7213709346,"CRC"
"KRAS G13D",81.9332614533043,7697.43101379537,38405.7213709346,"CRC"
"KRAS G13D",82.0989701011128,7344.41081051776,38405.7213709346,"CRC"
"KRAS G13D",82.2646787489212,6982.37588929984,38387.3472802732,"CRC"
"KRAS G13D",82.4303873967297,6563.42445492399,38387.3472802732,"CRC"
"KRAS G13D",82.5960960445381,6169.28342088657,38364.7952623382,"CRC"
"KRAS G13D",82.7618046923466,5811.89163444993,38355.9527946207,"CRC"
"KRAS G13D",82.9275133401551,5496.69393777397,38349.9000358744,"CRC"
"KRAS G13D",83.0932219879635,5201.2500733028,38349.4087677688,"CRC"
"KRAS G13D",83.258930635772,4880.57463412493,38309.5595101278,"CRC"
"KRAS G13D",83.4246392835804,4534.41971225525,38296.4210816462,"CRC"
"KRAS G13D",83.5903479313889,4209.856936959,38296.4210816462,"CRC"
"KRAS G13D",83.7560565791974,3923.83390217847,38294.1019012751,"CRC"
"KRAS G13D",83.9217652270058,3646.00913032917,38293.3830521421,"CRC"
"KRAS G13D",84.0874738748143,3413.53694195808,38244.5684398358,"CRC"
"KRAS G13D",84.2531825226228,3195.95722105432,38140.7820722003,"CRC"
"KRAS G13D",84.4188911704312,2882.13995352392,37781.0885087867,"CRC"
"KRAS G12C",43.5811088295688,8184.38239574039,39221.5663184848,"CRC"
"KRAS G12C",43.7311320646737,8239.17412468988,39186.8614602718,"CRC"
"KRAS G12C",43.8811552997786,8313.52631268752,39137.7437322127,"CRC"
"KRAS G12C",44.0311785348836,8386.32990017669,39099.2360965093,"CRC"
"KRAS G12C",44.1812017699885,8459.13348766587,39041.1706870197,"CRC"
"KRAS G12C",44.3312250050934,8528.76118418691,38977.1595453103,"CRC"
"KRAS G12C",44.4812482401983,8596.61016037977,38912.401541269,"CRC"
"KRAS G12C",44.6312714753033,8657.37599501327,38847.6435372276,"CRC"
"KRAS G12C",44.7812947104082,8704.58288124016,38789.7632546542,"CRC"
"KRAS G12C",44.9313179455131,8777.63542755721,38738.3575878823,"CRC"
"KRAS G12C",45.081341180618,8850.84310143641,38669.7737476385,"CRC"
"KRAS G12C",45.231364415723,8920.22403942023,38599.4886138271,"CRC"
"KRAS G12C",45.3813876508279,8986.93203914963,38536.0637335515,"CRC"
"KRAS G12C",45.5314108859328,9061.82585902064,38496.2363804509,"CRC"
"KRAS G12C",45.6814341210377,9123.81322829614,38476.9557997049,"CRC"
"KRAS G12C",45.8314573561427,9190.03475635487,38421.9445243264,"CRC"
"KRAS G12C",45.9814805912476,9246.12979860088,38353.7320982172,"CRC"
"KRAS G12C",46.1315038263525,9321.11798363154,38276.0390777493,"CRC"
"KRAS G12C",46.2815270614574,9401.20459854284,38229.6407743154,"CRC"
"KRAS G12C",46.4315502965623,9470.17264252618,38186.7066644636,"CRC"
"KRAS G12C",46.5815735316673,9525.97779500001,38130.7306409077,"CRC"
"KRAS G12C",46.7315967667722,9584.24148642623,38129.8876768668,"CRC"
"KRAS G12C",46.8816200018771,9642.50517785245,38111.3649422169,"CRC"
"KRAS G12C",47.031643236982,9707.28428485459,38058.5334924646,"CRC"
"KRAS G12C",47.181666472087,9777.23113978627,38020.6928436702,"CRC"
"KRAS G12C",47.3316897071919,9846.38303033357,37942.2566972548,"CRC"
"KRAS G12C",47.4817129422968,9933.15383088451,37850.5217695007,"CRC"
"KRAS G12C",47.6317361774017,10017.4331618673,37778.9091387242,"CRC"
"KRAS G12C",47.7817594125067,10083.5401525471,37708.7575009221,"CRC"
"KRAS G12C",47.9317826476116,10141.8130660304,37648.5792992425,"CRC"
"KRAS G12C",48.0818058827165,10197.0409405881,37637.5384185452,"CRC"
"KRAS G12C",48.2318291178214,10267.1035159656,37624.6405691913,"CRC"
"KRAS G12C",48.3818523529264,10343.7719479946,37581.0813328843,"CRC"
"KRAS G12C",48.5318755880313,10416.5444538041,37544.5846679512,"CRC"
"KRAS G12C",48.6818988231362,10480.5355493513,37526.7608147649,"CRC"
"KRAS G12C",48.8319220582411,10529.791189075,37481.8329076033,"CRC"
"KRAS G12C",48.9819452933461,10577.221179769,37418.5720385114,"CRC"
"KRAS G12C",49.131968528451,10640.0897232498,37355.3111694196,"CRC"
"KRAS G12C",49.2819917635559,10706.9726852876,37292.0503003278,"CRC"
"KRAS G12C",49.4320149986608,10774.0781406911,37227.2915829191,"CRC"
"KRAS G12C",49.5820382337658,10848.5840375901,37181.2064273349,"CRC"
"KRAS G12C",49.7320614688707,10920.9307551268,37125.3725222434,"CRC"
"KRAS G12C",49.8820847039756,10970.6680447441,37053.562313533,"CRC"
"KRAS G12C",50.0321079390805,11050.3562922359,37002.0130064886,"CRC"
"KRAS G12C",50.1821311741855,11120.2918401709,36956.924608619,"CRC"
"KRAS G12C",50.3321544092904,11179.1342641796,36939.3800031139,"CRC"
"KRAS G12C",50.4821776443953,11224.4508533922,36913.7877098791,"CRC"
"KRAS G12C",50.6322008795002,11281.2584932821,36867.798239036,"CRC"
"KRAS G12C",50.7822241146052,11326.621399652,36826.365418555,"CRC"
"KRAS G12C",50.9322473497101,11382.4750749198,36807.4611661674,"CRC"
"KRAS G12C",51.082270584815,11416.3978328223,36748.5027039358,"CRC"
"KRAS G12C",51.2322938199199,11461.5556775922,36709.2114600101,"CRC"
"KRAS G12C",51.3823170550248,11504.9203345696,36664.9733233693,"CRC"
"KRAS G12C",51.5323402901298,11553.6140213643,36653.6244047843,"CRC"
"KRAS G12C",51.6823635252347,11616.8643642468,36639.0128273342,"CRC"
"KRAS G12C",51.8323867603396,11685.0552875858,36648.2455612216,"CRC"
"KRAS G12C",51.9824099954445,11721.7594505414,36626.8170942972,"CRC"
"KRAS G12C",52.1324332305495,11782.2628265942,36602.0221102884,"CRC"
"KRAS G12C",52.2824564656544,11847.5750864405,36601.2353653014,"CRC"
"KRAS G12C",52.4324797007593,11918.1944079247,36585.0856593489,"CRC"
"KRAS G12C",52.5825029358642,11976.334049549,36527.6371582618,"CRC"
"KRAS G12C",52.7325261709692,12045.4168702051,36525.0392567495,"CRC"
"KRAS G12C",52.8825494060741,12098.1496829462,36459.8413494155,"CRC"
"KRAS G12C",53.032572641179,12119.9687389962,36417.6310184473,"CRC"
"KRAS G12C",53.1825958762839,12143.0695345467,36369.4600292431,"CRC"
"KRAS G12C",53.3326191113889,12177.2488639759,36319.3031913221,"CRC"
"KRAS G12C",53.4826423464938,12221.479759772,36301.6870152975,"CRC"
"KRAS G12C",53.6326655815987,12273.5182143499,36286.9472333661,"CRC"
"KRAS G12C",53.7826888167036,12310.8886756884,36273.9966193446,"CRC"
"KRAS G12C",53.9327120518086,12370.1657584389,36261.0460053231,"CRC"
"KRAS G12C",54.0827352869135,12424.4877831181,36248.0953913016,"CRC"
"KRAS G12C",54.2327585220184,12486.1406887688,36227.8941998893,"CRC"
"KRAS G12C",54.3827817571233,12537.6499146466,36203.3081717918,"CRC"
"KRAS G12C",54.5328049922283,12575.5105456342,36163.5250181477,"CRC"
"KRAS G12C",54.6828282273332,12634.3694752664,36118.6438755249,"CRC"
"KRAS G12C",54.8328514624381,12698.56894234,36073.762732902,"CRC"
"KRAS G12C",54.982874697543,12752.0873345308,36054.8110072889,"CRC"
"KRAS G12C",55.132897932648,12801.6441757203,36041.0908412253,"CRC"
"KRAS G12C",55.2829211677529,12839.9342956133,36041.6610608796,"CRC"
"KRAS G12C",55.4329444028578,12872.1389296715,36012.2752543259,"CRC"
"KRAS G12C",55.5829676379627,12901.2606717409,35974.2682028313,"CRC"
"KRAS G12C",55.7329908730676,12971.223659773,35952.8009336911,"CRC"
"KRAS G12C",55.8830141081726,13041.1866478052,35948.8148621495,"CRC"
"KRAS G12C",56.0330373432775,13111.1496358373,35942.9382332011,"CRC"
"KRAS G12C",56.1830605783824,13181.1126238694,35912.5343226128,"CRC"
"KRAS G12C",56.3330838134873,13222.8526798071,35891.9538115256,"CRC"
"KRAS G12C",56.4831070485923,13284.8336391211,35846.9161286532,"CRC"
"KRAS G12C",56.6331302836972,13339.5563253428,35824.4932001375,"CRC"
"KRAS G12C",56.7831535188021,13400.7457381237,35806.5832782989,"CRC"
"KRAS G12C",56.933176753907,13468.4770438801,35781.5918533823,"CRC"
"KRAS G12C",57.083199989012,13491.8213194718,35771.7414179275,"CRC"
"KRAS G12C",57.2332232241169,13506.9859981882,35744.1490866652,"CRC"
"KRAS G12C",57.3832464592218,13559.3664610633,35702.671185305,"CRC"
"KRAS G12C",57.5332696943267,13614.5369778732,35676.3296674606,"CRC"
"KRAS G12C",57.6832929294317,13637.8390478406,35636.0732345069,"CRC"
"KRAS G12C",57.8333161645366,13669.5166310212,35606.6667672187,"CRC"
"KRAS G12C",57.9833393996415,13692.9348696425,35605.4208010269,"CRC"
"KRAS G12C",58.1333626347464,13730.6005767609,35552.9350853566,"CRC"
"KRAS G12C",58.2833858698514,13770.3693410048,35562.5862541468,"CRC"
"KRAS G12C",58.4334091049563,13799.8034524449,35565.482879352,"CRC"
"KRAS G12C",58.5834323400612,13829.2375638849,35553.096371952,"CRC"
"KRAS G12C",58.7334555751661,13858.671675325,35536.0466599352,"CRC"
"KRAS G12C",58.8834788102711,13896.2541376827,35524.6586380453,"CRC"
"KRAS G12C",59.033502045376,13917.9255270866,35504.8849494948,"CRC"
"KRAS G12C",59.1835252804809,13986.8135641332,35514.4618968383,"CRC"
"KRAS G12C",59.3335485155858,14031.5471450196,35513.5847362316,"CRC"
"KRAS G12C",59.4835717506908,14050.2241219886,35493.341990224,"CRC"
"KRAS G12C",59.6335949857957,14090.7515279053,35496.0158075193,"CRC"
"KRAS G12C",59.7836182209006,14111.4130881772,35479.2906503529,"CRC"
"KRAS G12C",59.9336414560055,14169.0331230075,35488.0538167998,"CRC"
"KRAS G12C",60.0836646911105,14209.839869484,35510.2628293588,"CRC"
"KRAS G12C",60.2336879262154,14241.1897030988,35493.2427253095,"CRC"
"KRAS G12C",60.3837111613203,14271.5306724439,35452.2450055292,"CRC"
"KRAS G12C",60.5337343964252,14301.8716417889,35474.7562773626,"CRC"
"KRAS G12C",60.6837576315302,14343.9415227128,35489.4091911825,"CRC"
"KRAS G12C",60.8337808666351,14384.2080628059,35469.6094813968,"CRC"
"KRAS G12C",60.98380410174,14431.0782293692,35462.7310521836,"CRC"
"KRAS G12C",61.1338273368449,14472.9901049833,35459.5877646297,"CRC"
"KRAS G12C",61.2838505719498,14519.6776117094,35497.4032240546,"CRC"
"KRAS G12C",61.4338738070548,14546.6266346885,35496.9144592226,"CRC"
"KRAS G12C",61.5838970421597,14577.5257827289,35471.748382798,"CRC"
"KRAS G12C",61.7339202772646,14618.8536961396,35504.5662744151,"CRC"
"KRAS G12C",61.8839435123695,14671.6222177758,35495.4481647268,"CRC"
"KRAS G12C",62.0339667474745,14693.6257614884,35524.8038840429,"CRC"
"KRAS G12C",62.1839899825794,14718.3389586048,35558.9090825603,"CRC"
"KRAS G12C",62.3340132176843,14737.6476250177,35557.0798277825,"CRC"
"KRAS G12C",62.4840364527892,14773.4853097178,35535.7457052372,"CRC"
"KRAS G12C",62.6340596878942,14809.2679742356,35514.6637759677,"CRC"
"KRAS G12C",62.7840829229991,14842.7696238525,35558.5013403386,"CRC"
"KRAS G12C",62.934106158104,14868.2817899675,35531.4670412198,"CRC"
"KRAS G12C",63.0841293932089,14896.2698545837,35561.8179891452,"CRC"
"KRAS G12C",63.2341526283139,14936.5620581433,35577.0265072016,"CRC"
"KRAS G12C",63.3841758634188,14976.591914558,35600.3022164688,"CRC"
"KRAS G12C",63.5341990985237,15007.7684195782,35625.7368015577,"CRC"
"KRAS G12C",63.6842223336286,15033.6472348766,35706.6265532264,"CRC"
"KRAS G12C",63.8342455687336,15058.4118242983,35764.418688209,"CRC"
"KRAS G12C",63.9842688038385,15095.0577518575,35837.8586308611,"CRC"
"KRAS G12C",64.1342920389434,15127.1434474857,35829.8534928729,"CRC"
"KRAS G12C",64.2843152740483,15161.6094905583,35871.2466832571,"CRC"
"KRAS G12C",64.4343385091533,15198.5175719718,35931.247742907,"CRC"
"KRAS G12C",64.5843617442582,15248.8022196822,35964.7489999902,"CRC"
"KRAS G12C",64.7343849793631,15257.1804597393,36013.6246640572,"CRC"
"KRAS G12C",64.884408214468,15288.7775671226,36045.0425211141,"CRC"
"KRAS G12C",65.0344314495729,15332.9511283055,36078.2954606521,"CRC"
"KRAS G12C",65.1844546846779,15371.1566800615,36136.2865767689,"CRC"
"KRAS G12C",65.3344779197828,15382.9717953107,36178.9940928406,"CRC"
"KRAS G12C",65.4845011548877,15413.06298484,36221.393713318,"CRC"
"KRAS G12C",65.6345243899926,15442.6147217411,36213.3076180511,"CRC"
"KRAS G12C",65.7845476250976,15474.3125577151,36261.4044492613,"CRC"
"KRAS G12C",65.9345708602025,15506.010393689,36281.3054110799,"CRC"
"KRAS G12C",66.0845940953074,15535.3186882578,36400.8448119633,"CRC"
"KRAS G12C",66.2346173304123,15570.159702231,36477.293918177,"CRC"
"KRAS G12C",66.3846405655173,15602.7106252204,36580.1951046305,"CRC"
"KRAS G12C",66.5346638006222,15629.9392716754,36608.5725438181,"CRC"
"KRAS G12C",66.6846870357271,15661.4260575883,36680.4511945519,"CRC"
"KRAS G12C",66.834710270832,15692.9128435012,36740.1450255722,"CRC"
"KRAS G12C",66.984733505937,15723.2701963968,36792.9950511416,"CRC"
"KRAS G12C",67.1347567410419,15755.5749955725,36828.494928843,"CRC"
"KRAS G12C",67.2847799761468,15785.5510811386,36901.3750855234,"CRC"
"KRAS G12C",67.4348032112517,15774.7783413758,36951.6926277462,"CRC"
"KRAS G12C",67.5848264463567,15771.8616748739,36996.226694526,"CRC"
"KRAS G12C",67.7348496814616,15776.6504823283,37040.3878594147,"CRC"
"KRAS G12C",67.8848729165665,15803.0619008019,37119.8868729048,"CRC"
"KRAS G12C",68.0348961516714,15830.1533420241,37198.5562600259,"CRC"
"KRAS G12C",68.1849193867764,15849.2610783872,37273.97622286,"CRC"
"KRAS G12C",68.3349426218813,15856.1890962109,37340.7085424882,"CRC"
"KRAS G12C",68.4849658569862,15874.8105063489,37393.0762199217,"CRC"
"KRAS G12C",68.6349890920911,15918.2776322537,37439.0556890797,"CRC"
"KRAS G12C",68.7850123271961,15911.7318688609,37491.764915371,"CRC"
"KRAS G12C",68.935035562301,15934.8964499797,37544.7365501125,"CRC"
"KRAS G12C",69.0850587974059,15960.3380431657,37580.2782240692,"CRC"
"KRAS G12C",69.2350820325108,15979.4660110615,37628.4349667501,"CRC"
"KRAS G12C",69.3851052676158,16021.4914043622,37693.3086619242,"CRC"
"KRAS G12C",69.5351285027207,16050.3724372476,37734.6667520077,"CRC"
"KRAS G12C",69.6851517378256,16079.0447745155,37747.0731840586,"CRC"
"KRAS G12C",69.8351749729305,16069.0902797718,37803.288368544,"CRC"
"KRAS G12C",69.9851982080355,16090.9581442268,37856.1802183846,"CRC"
"KRAS G12C",70.1352214431404,16106.3859879189,37942.0985946635,"CRC"
"KRAS G12C",70.2852446782453,16127.9780986873,38018.3445071933,"CRC"
"KRAS G12C",70.4352679133502,16165.0732347012,38075.4540465031,"CRC"
"KRAS G12C",70.5852911484552,16195.8911115253,38175.4938850163,"CRC"
"KRAS G12C",70.7353143835601,16211.4349119985,38255.7024964371,"CRC"
"KRAS G12C",70.885337618665,16209.8495435817,38312.0754982544,"CRC"
"KRAS G12C",71.0353608537699,16188.0229188386,38393.2732119179,"CRC"
"KRAS G12C",71.1853840888749,16154.3206112303,38428.5650662156,"CRC"
"KRAS G12C",71.3354073239798,16152.9270427428,38517.2916770094,"CRC"
"KRAS G12C",71.4854305590847,16169.9368911923,38605.7466418899,"CRC"
"KRAS G12C",71.6354537941896,16190.2682377855,38679.8890106456,"CRC"
"KRAS G12C",71.7854770292945,16207.2643541536,38767.6513818224,"CRC"
"KRAS G12C",71.9355002643995,16219.2107940606,38839.07620448,"CRC"
"KRAS G12C",72.0855234995044,16218.5622266419,38873.3108873996,"CRC"
"KRAS G12C",72.2355467346093,16232.1506541435,38951.6186826978,"CRC"
"KRAS G12C",72.3855699697142,16243.2033983638,38994.0034387244,"CRC"
"KRAS G12C",72.5355932048192,16244.4127752092,39098.2285741429,"CRC"
"KRAS G12C",72.6856164399241,16259.3592117908,39201.350769647,"CRC"
"KRAS G12C",72.835639675029,16287.5382869505,39274.4244974854,"CRC"
"KRAS G12C",72.9856629101339,16272.8245432424,39349.982212272,"CRC"
"KRAS G12C",73.1356861452389,16278.3019811725,39438.7382986715,"CRC"
"KRAS G12C",73.2857093803438,16298.8570984607,39491.7610958873,"CRC"
"KRAS G12C",73.4357326154487,16264.9250425102,39571.1617991238,"CRC"
"KRAS G12C",73.5857558505536,16228.8735070758,39641.6936623486,"CRC"
"KRAS G12C",73.7357790856585,16232.4554165988,39750.636033558,"CRC"
"KRAS G12C",73.8858023207635,16246.176114936,39835.2498914536,"CRC"
"KRAS G12C",74.0358255558684,16268.4744137893,39933.9032477028,"CRC"
"KRAS G12C",74.1858487909733,16299.8836721589,39992.6887758526,"CRC"
"KRAS G12C",74.3358720260782,16286.9058524148,40080.8003228023,"CRC"
"KRAS G12C",74.4858952611832,16283.7951691623,40160.9013480496,"CRC"
"KRAS G12C",74.6359184962881,16281.4089155087,40248.3391123816,"CRC"
"KRAS G12C",74.785941731393,16309.7303943532,40336.2809626407,"CRC"
"KRAS G12C",74.9359649664979,16308.0386631649,40411.6837632937,"CRC"
"KRAS G12C",75.0859882016029,16338.0143442931,40495.9322138513,"CRC"
"KRAS G12C",75.2360114367078,16346.7587624169,40600.1065134182,"CRC"
"KRAS G12C",75.3860346718127,16357.7579310665,40715.8507834575,"CRC"
"KRAS G12C",75.5360579069176,16367.0694596145,40806.0575490748,"CRC"
"KRAS G12C",75.6860811420226,16362.8325391584,40909.0115758558,"CRC"
"KRAS G12C",75.8361043771275,16352.847551774,40960.8562808502,"CRC"
"KRAS G12C",75.9861276122324,16341.8777305609,41062.3517956229,"CRC"
"KRAS G12C",76.1361508473373,16358.829224915,41163.8473103955,"CRC"
"KRAS G12C",76.2861740824423,16371.3260665515,41265.3428251681,"CRC"
"KRAS G12C",76.4361973175472,16352.8081190735,41366.8383399408,"CRC"
"KRAS G12C",76.5862205526521,16317.4006217888,41472.9365776622,"CRC"
"KRAS G12C",76.736243787757,16285.3135387873,41592.9819327504,"CRC"
"KRAS G12C",76.886267022862,16249.1817780094,41702.3686152409,"CRC"
"KRAS G12C",77.0362902579669,16262.6084313763,41815.8932878107,"CRC"
"KRAS G12C",77.1863134930718,16266.1023600598,41922.1622447949,"CRC"
"KRAS G12C",77.3363367281767,16286.8533877977,42034.8090656861,"CRC"
"KRAS G12C",77.4863599632817,16303.2906937304,42133.2386208279,"CRC"
"KRAS G12C",77.6363831983866,16316.8514478484,42248.9714080134,"CRC"
"KRAS G12C",77.7864064334915,16288.2095405844,42336.6983326804,"CRC"
"KRAS G12C",77.9364296685964,16288.8921605222,42399.4841162268,"CRC"
"KRAS G12C",78.0864529037014,16281.0803737483,42486.300107664,"CRC"
"KRAS G12C",78.2364761388063,16288.2785385765,42584.7845172124,"CRC"
"KRAS G12C",78.3864993739112,16261.8362890051,42679.5565489674,"CRC"
"KRAS G12C",78.5365226090161,16221.6091799967,42787.7065517518,"CRC"
"KRAS G12C",78.6865458441211,16190.162194619,42889.2710615303,"CRC"
"KRAS G12C",78.836569079226,16151.2194688688,42991.2190639446,"CRC"
"KRAS G12C",78.9865923143309,16123.8841708666,43093.7155034851,"CRC"
"KRAS G12C",79.1366155494358,16097.9198617707,43196.2119430256,"CRC"
"KRAS G12C",79.2866387845408,16047.2572313137,43297.9748553251,"CRC"
"KRAS G12C",79.4366620196457,16007.355876514,43396.7486353935,"CRC"
"KRAS G12C",79.5866852547506,15985.6205597977,43489.1951297294,"CRC"
"KRAS G12C",79.7367084898555,15983.1871508601,43609.9709520557,"CRC"
"KRAS G12C",79.8867317249604,15971.337332867,43708.694140728,"CRC"
"KRAS G12C",80.0367549600654,15945.3167412672,43805.9689707853,"CRC"
"KRAS G12C",80.1867781951703,15933.2499802746,43904.2262092566,"CRC"
"KRAS G12C",80.3368014302752,15914.3333356446,44005.7217240293,"CRC"
"KRAS G12C",80.4868246653801,15892.1733442561,44107.2172388019,"CRC"
"KRAS G12C",80.6368479004851,15865.5928926308,44208.7127535745,"CRC"
"KRAS G12C",80.78687113559,15839.0124410055,44306.1942519208,"CRC"
"KRAS G12C",80.9368943706949,15835.1762696408,44383.5762772585,"CRC"
"KRAS G12C",81.0869176057998,15823.1022242259,44484.8331617399,"CRC"
"KRAS G12C",81.2369408409048,15808.3426198525,44553.594784834,"CRC"
"KRAS G12C",81.3869640760097,15765.1792893051,44639.9768198475,"CRC"
"KRAS G12C",81.5369873111146,15749.6068675,44729.9377135404,"CRC"
"KRAS G12C",81.6870105462195,15733.7689573212,44827.2635007387,"CRC"
"KRAS G12C",81.8370337813245,15717.5305112671,44950.656170886,"CRC"
"KRAS G12C",81.9870570164294,15685.3309718755,45060.1815222933,"CRC"
"KRAS G12C",82.1370802515343,15671.2547668392,45176.0118781134,"CRC"
"KRAS G12C",82.2871034866392,15640.551804905,45290.7097424169,"CRC"
"KRAS G12C",82.4371267217442,15595.7008389952,45394.5979929274,"CRC"
"KRAS G12C",82.5871499568491,15538.9260915331,45479.6457314623,"CRC"
"KRAS G12C",82.737173191954,15492.4697182546,45573.087535016,"CRC"
"KRAS G12C",82.8871964270589,15452.1785574529,45668.0193439107,"CRC"
"KRAS G12C",83.0372196621639,15411.6249976103,45779.1586566625,"CRC"
"KRAS G12C",83.1872428972688,15373.2048971102,45891.7809900026,"CRC"
"KRAS G12C",83.3372661323737,15350.5695842603,46004.4033233426,"CRC"
"KRAS G12C",83.4872893674786,15321.0700421162,46117.0256566827,"CRC"
"KRAS G12C",83.6373126025836,15322.8422351855,46231.7612041294,"CRC"
"KRAS G12C",83.7873358376885,15306.8040647805,46340.9347484617,"CRC"
"KRAS G12C",83.9373590727934,15294.6355437769,46446.6507806219,"CRC"
"KRAS G12C",84.0873823078983,15283.4477670403,46546.7055565881,"CRC"
"KRAS G12C",84.2374055430033,15227.6620536234,46646.3244118227,"CRC"
"KRAS G12C",84.3874287781082,15202.2987175269,46746.1006228904,"CRC"
"KRAS G12C",84.5374520132131,15174.5011503728,46847.5961376631,"CRC"
"KRAS G12C",84.687475248318,15147.9206987475,46949.0916524357,"CRC"
"KRAS G12C",84.8374984834229,15112.77234946,47050.5871672083,"CRC"
"KRAS G12C",84.9875217185279,15080.6119971953,47152.082681981,"CRC"
"KRAS G12C",85.1375449536328,15033.2643265036,47244.6089531823,"CRC"
"KRAS G12C",85.2875681887377,14996.8475996816,47329.2657332515,"CRC"
"KRAS G12C",85.4375914238426,14961.3973631972,47448.4893244635,"CRC"
"KRAS G12C",85.5876146589476,14922.6346845083,47559.9763483175,"CRC"
"KRAS G12C",85.7376378940525,14878.3192206932,47660.7512772987,"CRC"
"KRAS G12C",85.8876611291574,14839.1376850016,47761.0557706168,"CRC"
"KRAS G12C",86.0376843642623,14782.6089221007,47877.3737183457,"CRC"
"KRAS G12C",86.1877075993673,14720.2601579364,47973.7443488003,"CRC"
"KRAS G12C",86.3377308344722,14674.6762261236,48066.4853728827,"CRC"
"KRAS G12C",86.4877540695771,14627.7401988466,48167.0378297073,"CRC"
"KRAS G12C",86.637777304682,14596.2793999233,48268.5333444799,"CRC"
"KRAS G12C",86.787800539787,14560.8933660688,48370.0288592526,"CRC"
"KRAS G12C",86.9378237748919,14536.0422637704,48465.0798624032,"CRC"
"KRAS G12C",87.0878470099968,14514.8876488933,48540.8802602358,"CRC"
"KRAS G12C",87.2378702451017,14475.8340701911,48620.3691726002,"CRC"
"KRAS G12C",87.3878934802067,14451.9588176648,48711.7373827376,"CRC"
"KRAS G12C",87.5379167153116,14424.0092718217,48829.1571121825,"CRC"
"KRAS G12C",87.6879399504165,14397.0512959124,48948.2364809842,"CRC"
"KRAS G12C",87.8379631855214,14389.4787840885,49066.2674123223,"CRC"
"KRAS G12C",87.9879864206264,14377.2198988481,49170.2268630444,"CRC"
"KRAS G12C",88.1380096557313,14369.2088862584,49272.350057474,"CRC"
"KRAS G12C",88.2880328908362,14361.1978736687,49384.9840069789,"CRC"
"KRAS G12C",88.4380561259411,14296.1786964139,49486.4795217516,"CRC"
"KRAS G12A",46.5462012320329,36071.8817810368,149097.712302452,"CRC"
"KRAS G12A",46.6854012576716,36217.8406318522,148810.555717498,"CRC"
"KRAS G12A",46.8246012833103,36434.029842314,148487.799834221,"CRC"
"KRAS G12A",46.9638013089491,36637.7396864941,148160.297571552,"CRC"
"KRAS G12A",47.1030013345878,36765.2447673176,147822.176551487,"CRC"
"KRAS G12A",47.2422013602265,36832.931773901,147468.184319743,"CRC"
"KRAS G12A",47.3814013858653,36900.6187804844,147138.767816877,"CRC"
"KRAS G12A",47.520601411504,37015.805514261,146787.62903283,"CRC"
"KRAS G12A",47.6598014371427,37204.3385662183,146504.718563989,"CRC"
"KRAS G12A",47.7990014627815,37349.0457175034,146224.643539274,"CRC"
"KRAS G12A",47.9382014884202,37617.7303847781,145918.621757476,"CRC"
"KRAS G12A",48.077401514059,37801.6406930572,145683.871681592,"CRC"
"KRAS G12A",48.2166015396977,37928.5327628057,145284.148411561,"CRC"
"KRAS G12A",48.3558015653364,38072.929336468,144973.531236268,"CRC"
"KRAS G12A",48.4950015909752,38140.95127366,144686.017580746,"CRC"
"KRAS G12A",48.6342016166139,38351.9257509536,144428.186457728,"CRC"
"KRAS G12A",48.7734016422526,38515.3920683864,144107.758780074,"CRC"
"KRAS G12A",48.9126016678914,38570.732139685,143783.157874836,"CRC"
"KRAS G12A",49.0518016935301,38729.8440434766,143539.680501923,"CRC"
"KRAS G12A",49.1910017191689,38812.0043988242,143332.840123239,"CRC"
"KRAS G12A",49.3302017448076,38978.7249372306,142987.394782906,"CRC"
"KRAS G12A",49.4694017704463,39008.5261813081,142680.95691894,"CRC"
"KRAS G12A",49.6086017960851,39193.2336085029,142474.033960281,"CRC"
"KRAS G12A",49.7478018217238,39444.2349521814,142244.938185406,"CRC"
"KRAS G12A",49.8870018473625,39633.8008240183,141989.979090285,"CRC"
"KRAS G12A",50.0262018730013,39762.2176273156,141722.789286899,"CRC"
"KRAS G12A",50.16540189864,39987.6853939556,141366.742999533,"CRC"
"KRAS G12A",50.3046019242787,40191.3073045458,141038.940340451,"CRC"
"KRAS G12A",50.4438019499175,40287.8173132838,140712.61666361,"CRC"
"KRAS G12A",50.5830019755562,40356.3275530683,140374.832379983,"CRC"
"KRAS G12A",50.722202001195,40430.4226907647,140102.665083656,"CRC"
"KRAS G12A",50.8614020268337,40488.5526409597,139847.545769364,"CRC"
"KRAS G12A",51.0006020524724,40591.0131970531,139570.811806624,"CRC"
"KRAS G12A",51.1398020781112,40650.7810807434,139255.174253486,"CRC"
"KRAS G12A",51.2790021037499,40698.276720736,138843.415390735,"CRC"
"KRAS G12A",51.4182021293886,40741.1584506127,138542.362873759,"CRC"
"KRAS G12A",51.5574021550274,40904.8249480043,138262.707961698,"CRC"
"KRAS G12A",51.6966021806661,41069.7174867773,138083.567665996,"CRC"
"KRAS G12A",51.8358022063048,41172.0652509977,137827.786629421,"CRC"
"KRAS G12A",51.9750022319436,41153.4706005852,137551.331040159,"CRC"
"KRAS G12A",52.1142022575823,41218.2520308248,137289.106719583,"CRC"
"KRAS G12A",52.253402283221,41390.7925929375,136963.508285477,"CRC"
"KRAS G12A",52.3926023088598,41650.3813239089,136623.043471719,"CRC"
"KRAS G12A",52.5318023344985,41780.0967470616,136290.377148236,"CRC"
"KRAS G12A",52.6710023601373,41812.4013547757,136018.98037975,"CRC"
"KRAS G12A",52.810202385776,41836.1217952028,135796.665187318,"CRC"
"KRAS G12A",52.9494024114147,41949.357045293,135480.47615148,"CRC"
"KRAS G12A",53.0886024370535,42014.715821978,135189.793975264,"CRC"
"KRAS G12A",53.2278024626922,42096.4598464731,135084.145579994,"CRC"
"KRAS G12A",53.3670024883309,42113.9860005352,134908.633244931,"CRC"
"KRAS G12A",53.5062025139697,42275.5844814722,134811.928465524,"CRC"
"KRAS G12A",53.6454025396084,42441.9091894932,134689.013262483,"CRC"
"KRAS G12A",53.7846025652472,42593.9454916551,134508.382340444,"CRC"
"KRAS G12A",53.9238025908859,42768.9560678581,134200.376322585,"CRC"
"KRAS G12A",54.0630026165246,42844.425952008,133936.091039494,"CRC"
"KRAS G12A",54.2022026421634,42885.200358408,133690.33252805,"CRC"
"KRAS G12A",54.3414026678021,42954.6078130129,133538.211557334,"CRC"
"KRAS G12A",54.4806026934408,43022.9987798383,133349.718841524,"CRC"
"KRAS G12A",54.6198027190796,43039.12689241,133141.165576026,"CRC"
"KRAS G12A",54.7590027447183,43061.3032028962,133017.225054072,"CRC"
"KRAS G12A",54.898202770357,43127.1181291293,132836.706199615,"CRC"
"KRAS G12A",55.0374027959958,43175.5016832735,132786.985477432,"CRC"
"KRAS G12A",55.1766028216345,43223.8852374178,132745.951045917,"CRC"
"KRAS G12A",55.3158028472733,43272.2687915621,132611.390283387,"CRC"
"KRAS G12A",55.455002872912,43382.0437980074,132362.509196497,"CRC"
"KRAS G12A",55.5942028985507,43399.9319441207,132079.883368672,"CRC"
"KRAS G12A",55.7334029241895,43436.1330001376,131850.162739582,"CRC"
"KRAS G12A",55.8726029498282,43599.9324902697,131573.984801266,"CRC"
"KRAS G12A",56.0118029754669,43627.4385256564,131328.595938184,"CRC"
"KRAS G12A",56.1510030011057,43659.35231039,131065.948984646,"CRC"
"KRAS G12A",56.2902030267444,43681.442618049,130863.728956109,"CRC"
"KRAS G12A",56.4294030523831,43785.5045530699,130535.807485678,"CRC"
"KRAS G12A",56.5686030780219,43830.1029970051,130241.78733587,"CRC"
"KRAS G12A",56.7078031036606,43924.0524961003,130049.896237664,"CRC"
"KRAS G12A",56.8470031292994,44031.8829397776,129828.081164025,"CRC"
"KRAS G12A",56.9862031549381,44075.0128081976,129600.659854623,"CRC"
"KRAS G12A",57.1254031805768,44147.3638890493,129413.918661611,"CRC"
"KRAS G12A",57.2646032062156,44299.8299614321,129250.67505003,"CRC"
"KRAS G12A",57.4038032318543,44343.6632498331,129065.173652824,"CRC"
"KRAS G12A",57.543003257493,44426.8619892398,128878.479212336,"CRC"
"KRAS G12A",57.6822032831318,44520.4585188207,128604.059867013,"CRC"
"KRAS G12A",57.8214033087705,44517.2771275509,128333.378539831,"CRC"
"KRAS G12A",57.9606033344092,44636.5239488208,128102.645431111,"CRC"
"KRAS G12A",58.099803360048,44747.33566142,127776.753320155,"CRC"
"KRAS G12A",58.2390033856867,44805.8128440653,127619.642688586,"CRC"
"KRAS G12A",58.3782034113255,44779.3668877885,127299.812277441,"CRC"
"KRAS G12A",58.5174034369642,44887.6047395169,127134.395882283,"CRC"
"KRAS G12A",58.6566034626029,44985.83020292,126940.707149183,"CRC"
"KRAS G12A",58.7958034882417,45110.2152309961,126746.250911521,"CRC"
"KRAS G12A",58.9350035138804,45229.5631620481,126704.973353042,"CRC"
"KRAS G12A",59.0742035395191,45342.112230613,126745.264761139,"CRC"
"KRAS G12A",59.2134035651579,45457.9659264262,126611.056438835,"CRC"
"KRAS G12A",59.3526035907966,45510.1122616604,126364.449924272,"CRC"
"KRAS G12A",59.4918036164353,45566.0104971428,126133.063940395,"CRC"
"KRAS G12A",59.6310036420741,45621.3681953208,126055.270539529,"CRC"
"KRAS G12A",59.7702036677128,45621.4124488964,126111.919138521,"CRC"
"KRAS G12A",59.9094036933516,45652.468353206,125985.885117036,"CRC"
"KRAS G12A",60.0486037189903,45687.1032869469,125966.237496193,"CRC"
"KRAS G12A",60.187803744629,45711.8598233763,125785.215113176,"CRC"
"KRAS G12A",60.3270037702678,45716.3073919457,125635.835463608,"CRC"
"KRAS G12A",60.4662037959065,45780.6506502612,125498.980239729,"CRC"
"KRAS G12A",60.6054038215452,45756.7453959187,125382.564508994,"CRC"
"KRAS G12A",60.744603847184,45695.0956427901,125231.663329656,"CRC"
"KRAS G12A",60.8838038728227,45703.1106698075,125050.202430277,"CRC"
"KRAS G12A",61.0230038984614,45797.7677317663,124805.728140389,"CRC"
"KRAS G12A",61.1622039241002,45858.581724268,124713.437657682,"CRC"
"KRAS G12A",61.3014039497389,46000.36090802,124465.221886651,"CRC"
"KRAS G12A",61.4406039753777,46032.8314535805,124302.859402252,"CRC"
"KRAS G12A",61.5798040010164,46038.6858761692,124126.306473557,"CRC"
"KRAS G12A",61.7190040266551,46097.7725447017,123967.613576827,"CRC"
"KRAS G12A",61.8582040522939,46130.2430902622,123932.347965173,"CRC"
"KRAS G12A",61.9974040779326,46204.0291649622,123925.066539374,"CRC"
"KRAS G12A",62.1366041035713,46210.0517532862,123890.986522443,"CRC"
"KRAS G12A",62.2758041292101,46257.4817422747,123624.961074833,"CRC"
"KRAS G12A",62.4150041548488,46293.0707651611,123577.595512435,"CRC"
"KRAS G12A",62.5542041804875,46301.4424257889,123447.32126901,"CRC"
"KRAS G12A",62.6934042061263,46250.9401472492,123322.4622661,"CRC"
"KRAS G12A",62.832604231765,46278.7494501446,123305.357848606,"CRC"
"KRAS G12A",62.9718042574038,46254.3048408786,123229.764751777,"CRC"
"KRAS G12A",63.1110042830425,46254.3121513258,123078.177421843,"CRC"
"KRAS G12A",63.2502043086812,46294.5173929142,122963.498060827,"CRC"
"KRAS G12A",63.38940433432,46299.2440873127,122806.616486367,"CRC"
"KRAS G12A",63.5286043599587,46364.9012966527,122789.761705201,"CRC"
"KRAS G12A",63.6678043855974,46377.7594163195,122699.736292357,"CRC"
"KRAS G12A",63.8070044112362,46399.7772942358,122634.464316554,"CRC"
"KRAS G12A",63.9462044368749,46461.5292891528,122619.172780215,"CRC"
"KRAS G12A",64.0854044625137,46458.3759651718,122461.897891541,"CRC"
"KRAS G12A",64.2246044881524,46441.4634613297,122337.728428797,"CRC"
"KRAS G12A",64.3638045137911,46479.6257746214,122260.040430997,"CRC"
"KRAS G12A",64.5030045394299,46533.1579742978,122351.851898551,"CRC"
"KRAS G12A",64.6422045650686,46506.3782094184,122121.427849988,"CRC"
"KRAS G12A",64.7814045907073,46412.8811858596,122073.284817446,"CRC"
"KRAS G12A",64.9206046163461,46455.8289374634,122116.05416662,"CRC"
"KRAS G12A",65.0598046419848,46483.4925587152,122113.920194611,"CRC"
"KRAS G12A",65.1990046676235,46534.0561641702,122028.18653946,"CRC"
"KRAS G12A",65.3382046932623,46529.9326786156,121851.077947917,"CRC"
"KRAS G12A",65.477404718901,46462.0911929884,121817.513819747,"CRC"
"KRAS G12A",65.6166047445398,46415.9516083886,121886.192178608,"CRC"
"KRAS G12A",65.7558047701785,46303.4996105625,121954.870537469,"CRC"
"KRAS G12A",65.8950047958172,46176.1636960737,121999.370152872,"CRC"
"KRAS G12A",66.034204821456,46051.7192039455,122078.895482489,"CRC"
"KRAS G12A",66.1734048470947,46108.4519580184,122164.911226231,"CRC"
"KRAS G12A",66.3126048727334,46203.830441576,122262.32497415,"CRC"
"KRAS G12A",66.4518048983722,46283.4188396451,122305.076927949,"CRC"
"KRAS G12A",66.5910049240109,46273.4832877296,122233.180759419,"CRC"
"KRAS G12A",66.7302049496496,46222.2572093813,122144.898326092,"CRC"
"KRAS G12A",66.8694049752884,46221.6936661352,122076.649097054,"CRC"
"KRAS G12A",67.0086050009271,46169.3965422163,122095.529020465,"CRC"
"KRAS G12A",67.1478050265658,46099.7602138394,122170.304386779,"CRC"
"KRAS G12A",67.2870050522046,45960.0329886286,122131.715600988,"CRC"
"KRAS G12A",67.4262050778433,45858.1214908915,122123.529678644,"CRC"
"KRAS G12A",67.5654051034821,45867.7549428557,122069.805610486,"CRC"
"KRAS G12A",67.7046051291208,45908.0882950976,122161.362303858,"CRC"
"KRAS G12A",67.8438051547595,45986.3520355553,122237.662718424,"CRC"
"KRAS G12A",67.9830051803983,45960.1094051246,122344.50229299,"CRC"
"KRAS G12A",68.122205206037,45859.7526739304,122342.868029189,"CRC"
"KRAS G12A",68.2614052316758,45677.6469799116,122380.677956283,"CRC"
"KRAS G12A",68.4006052573145,45517.0781804107,122324.614590106,"CRC"
"KRAS G12A",68.5398052829532,45486.713735741,122381.312339792,"CRC"
"KRAS G12A",68.679005308592,45456.3492910713,122454.968816981,"CRC"
"KRAS G12A",68.8182053342307,45424.864981757,122595.706968743,"CRC"
"KRAS G12A",68.9574053598694,45395.6204017319,122725.754405543,"CRC"
"KRAS G12A",69.0966053855082,45357.1350573558,122795.85955943,"CRC"
"KRAS G12A",69.2358054111469,45263.8325612895,122847.48359812,"CRC"
"KRAS G12A",69.3750054367856,45175.1211735795,122934.430484752,"CRC"
"KRAS G12A",69.5142054624244,45104.2648897806,122960.389106965,"CRC"
"KRAS G12A",69.6534054880631,44991.5222781421,123075.302256524,"CRC"
"KRAS G12A",69.7926055137018,44878.7796665036,123205.534290131,"CRC"
"KRAS G12A",69.9318055393406,44766.0370548651,123353.109899255,"CRC"
"KRAS G12A",70.0710055649793,44729.4631720086,123618.591986157,"CRC"
"KRAS G12A",70.2102055906181,44646.3954146854,123771.588382191,"CRC"
"KRAS G12A",70.3494056162568,44633.5668254665,123816.879594401,"CRC"
"KRAS G12A",70.4886056418955,44620.7382362477,123718.782156009,"CRC"
"KRAS G12A",70.6278056675343,44589.3887996895,123826.078836788,"CRC"
"KRAS G12A",70.767005693173,44540.8281617993,123856.029260766,"CRC"
"KRAS G12A",70.9062057188117,44393.7941421534,123982.892114087,"CRC"
"KRAS G12A",71.0454057444505,44324.8843830221,124013.807625503,"CRC"
"KRAS G12A",71.1846057700892,44252.1243714404,124234.077572503,"CRC"
"KRAS G12A",71.3238057957279,44084.0349804588,124403.539745727,"CRC"
"KRAS G12A",71.4630058213667,43933.6739696448,124510.848811684,"CRC"
"KRAS G12A",71.6022058470054,43845.6686534559,124489.615125987,"CRC"
"KRAS G12A",71.7414058726442,43845.9371676858,124462.891597201,"CRC"
"KRAS G12A",71.8806058982829,43690.1208195601,124619.702715256,"CRC"
"KRAS G12A",72.0198059239216,43520.7648981843,124857.150035905,"CRC"
"KRAS G12A",72.1590059495604,43373.5935198464,125085.046049991,"CRC"
"KRAS G12A",72.2982059751991,43226.5652330192,125255.228458994,"CRC"
"KRAS G12A",72.4374060008378,43177.253018255,125420.135087178,"CRC"
"KRAS G12A",72.5766060264766,43098.36360126,125551.910307159,"CRC"
"KRAS G12A",72.7158060521153,42986.3799492827,125750.843879235,"CRC"
"KRAS G12A",72.855006077754,42925.4253278021,125888.316328087,"CRC"
"KRAS G12A",72.9942061033928,42932.6824560255,126162.743202913,"CRC"
"KRAS G12A",73.1334061290315,42863.9437338424,126531.871429454,"CRC"
"KRAS G12A",73.2726061546703,42661.9000907923,126705.574593287,"CRC"
"KRAS G12A",73.411806180309,42485.687091913,126931.205009911,"CRC"
"KRAS G12A",73.5510062059477,42421.0797097704,127114.631227343,"CRC"
"KRAS G12A",73.6902062315865,42361.0699340689,127209.637318959,"CRC"
"KRAS G12A",73.8294062572252,42147.9416137691,127278.65676608,"CRC"
"KRAS G12A",73.9686062828639,42057.8591267337,127410.173858499,"CRC"
"KRAS G12A",74.1078063085027,41890.4261348817,127526.510069995,"CRC"
"KRAS G12A",74.2470063341414,41657.8973606034,127588.641483432,"CRC"
"KRAS G12A",74.3862063597801,41537.5989899886,127698.363969947,"CRC"
"KRAS G12A",74.5254063854189,41449.5872167629,127934.524184045,"CRC"
"KRAS G12A",74.6646064110576,41246.6530906508,128060.041407689,"CRC"
"KRAS G12A",74.8038064366964,41022.7855273746,128151.746884469,"CRC"
"KRAS G12A",74.9430064623351,40802.7060268739,128334.570328886,"CRC"
"KRAS G12A",75.0822064879738,40731.6835007002,128370.359683056,"CRC"
"KRAS G12A",75.2214065136126,40670.76661126,128542.608702411,"CRC"
"KRAS G12A",75.3606065392513,40574.7946685139,128735.603506028,"CRC"
"KRAS G12A",75.49980656489,40516.0903196067,128927.112175794,"CRC"
"KRAS G12A",75.6390065905288,40434.038261488,129102.789271646,"CRC"
"KRAS G12A",75.7782066161675,40365.6453011612,129285.079931408,"CRC"
"KRAS G12A",75.9174066418063,40316.419937046,129448.928739203,"CRC"
"KRAS G12A",76.056606667445,40239.6600840221,129554.493216948,"CRC"
"KRAS G12A",76.1958066930837,39993.1124060892,129853.188034057,"CRC"
"KRAS G12A",76.3350067187225,39933.1791567183,130062.650385039,"CRC"
"KRAS G12A",76.4742067443612,39704.4085962063,130232.157724958,"CRC"
"KRAS G12A",76.6134067699999,39467.0197523003,130395.697380508,"CRC"
"KRAS G12A",76.7526067956387,39305.3831621814,130612.489320188,"CRC"
"KRAS G12A",76.8918068212774,39158.9792511858,130674.356768986,"CRC"
"KRAS G12A",77.0310068469161,39047.9570349818,130750.458048008,"CRC"
"KRAS G12A",77.1702068725549,38936.9348187777,130938.157175947,"CRC"
"KRAS G12A",77.3094068981936,38756.7207018563,131172.222377457,"CRC"
"KRAS G12A",77.4486069238324,38502.5594189344,131310.657663834,"CRC"
"KRAS G12A",77.5878069494711,38247.7995644785,131457.253285299,"CRC"
"KRAS G12A",77.7270069751098,38015.7187181239,131566.275729529,"CRC"
"KRAS G12A",77.8662070007486,37865.838229266,131706.183750706,"CRC"
"KRAS G12A",78.0054070263873,37768.5805505122,131922.945749965,"CRC"
"KRAS G12A",78.144607052026,37532.9664905524,132136.153536266,"CRC"
"KRAS G12A",78.2838070776648,37423.4632124984,132420.91263726,"CRC"
"KRAS G12A",78.4230071033035,37252.190299941,132631.628093654,"CRC"
"KRAS G12A",78.5622071289422,36993.0908750461,132891.281317784,"CRC"
"KRAS G12A",78.701407154581,36684.6192620743,133182.086965331,"CRC"
"KRAS G12A",78.8406071802197,36613.5444372372,133404.228048668,"CRC"
"KRAS G12A",78.9798072058584,36405.7894309388,133614.374593279,"CRC"
"KRAS G12A",79.1190072314972,36144.0351551312,133758.019124481,"CRC"
"KRAS G12A",79.2582072571359,36038.5067189645,134077.688564657,"CRC"
"KRAS G12A",79.3974072827747,35882.0041366743,134275.215828907,"CRC"
"KRAS G12A",79.5366073084134,35641.7999821897,134334.712467293,"CRC"
"KRAS G12A",79.6758073340521,35352.8280057,134394.209105679,"CRC"
"KRAS G12A",79.8150073596909,35015.8774104689,134458.35345723,"CRC"
"KRAS G12A",79.9542073853296,34987.4660723242,134703.468661876,"CRC"
"KRAS G12A",80.0934074109684,34972.5548880988,134957.474198765,"CRC"
"KRAS G12A",80.2326074366071,34950.6795797459,135207.569366352,"CRC"
"KRAS G12A",80.3718074622458,34752.9934668278,135536.257697755,"CRC"
"KRAS G12A",80.5110074878846,34515.6193221328,135912.467236633,"CRC"
"KRAS G12A",80.6502075135233,34253.0962042748,136090.353237852,"CRC"
"KRAS G12A",80.789407539162,34037.3167595808,136202.485268165,"CRC"
"KRAS G12A",80.9286075648008,33739.0504157856,136407.104117586,"CRC"
"KRAS G12A",81.0678075904395,33611.2360455107,136643.611777365,"CRC"
"KRAS G12A",81.2070076160782,33369.133497489,136841.93951197,"CRC"
"KRAS G12A",81.346207641717,33161.3065377391,137029.668075412,"CRC"
"KRAS G12A",81.4854076673557,32976.2636186201,137382.688713586,"CRC"
"KRAS G12A",81.6246076929944,32706.069504679,137702.917824051,"CRC"
"KRAS G12A",81.7638077186332,32454.7045904814,137912.279330278,"CRC"
"KRAS G12A",81.9030077442719,32305.4057306992,138081.640881247,"CRC"
"KRAS G12A",82.0422077699106,32115.4878634405,138177.637662885,"CRC"
"KRAS G12A",82.1814077955494,31824.3854029452,138470.005846769,"CRC"
"KRAS G12A",82.3206078211881,31604.4918535471,138719.852217855,"CRC"
"KRAS G12A",82.4598078468269,31443.31782949,138855.387976741,"CRC"
"KRAS G12A",82.5990078724656,31279.9901287401,138984.202695111,"CRC"
"KRAS G12A",82.7382078981043,31048.0441364952,139226.350642022,"CRC"
"KRAS G12A",82.8774079237431,30847.2592945005,139335.832981751,"CRC"
"KRAS G12A",83.0166079493818,30570.6819919041,139506.73453511,"CRC"
"KRAS G12A",83.1558079750205,30294.1046893077,139761.647628109,"CRC"
"KRAS G12A",83.2950080006593,30064.6330471928,140010.860359941,"CRC"
"KRAS G12A",83.434208026298,29799.6643000513,140286.058761663,"CRC"
"KRAS G12A",83.5734080519368,29464.3727815184,140438.491304643,"CRC"
"KRAS G12A",83.7126080775755,29253.0685505303,140676.556168663,"CRC"
"KRAS G12A",83.8518081032142,29059.8142586766,140910.927552145,"CRC"
"KRAS G12A",83.991008128853,28917.7101654075,141135.891771489,"CRC"
"KRAS G12A",84.1302081544917,28686.5928806231,141387.361020878,"CRC"
"KRAS G12A",84.2694081801304,28386.4393967001,141593.576569958,"CRC"
"KRAS G12A",84.4086082057692,28066.4224412864,141842.071668811,"CRC"
"KRAS G12A",84.5478082314079,27766.2083876055,142109.024919177,"CRC"
"KRAS G12A",84.6870082570466,27446.2520019498,142364.090103027,"CRC"
"KRAS G12A",84.8262082826854,27195.022909238,142603.96185183,"CRC"
"KRAS G12A",84.9654083083241,26967.8333604586,142885.706829678,"CRC"
"KRAS G12A",85.1046083339629,26686.2929210368,143160.338788588,"CRC"
"KRAS G12A",85.2438083596016,26424.6841469681,143297.686358601,"CRC"
"KRAS G12A",85.3830083852403,26288.3618604533,143448.940826732,"CRC"
"KRAS G12A",85.5222084108791,26077.8844161405,143674.408309317,"CRC"
"KRAS G12A",85.6614084365178,25722.9549056288,143923.489851337,"CRC"
"KRAS G12A",85.8006084621565,25343.9530010249,144215.902350286,"CRC"
"KRAS G12A",85.9398084877953,25165.5812064843,144516.322359779,"CRC"
"KRAS G12A",86.079008513434,24953.7344854105,144830.500133276,"CRC"
"KRAS G12A",86.2182085390727,24839.2129252238,145143.830935447,"CRC"
"KRAS G12A",86.3574085647115,24609.5249113862,145434.386485025,"CRC"
"KRAS G12A",86.4966085903502,24440.143507652,145715.921025004,"CRC"
"KRAS G12A",86.635808615989,24261.8276018633,146047.954863998,"CRC"
"KRAS G12A",86.7750086416277,23871.5744269874,146366.934612867,"CRC"
"KRAS G12A",86.9142086672664,23532.6924454436,146650.332424852,"CRC"
"KRAS G12A",87.0534086929052,23119.0606302255,146952.358373527,"CRC"
"KRAS G12A",87.1926087185439,22902.6865302635,147243.542779014,"CRC"
"KRAS G12A",87.3318087441826,22721.6614175162,147472.071467948,"CRC"
"KRAS G12A",87.4710087698214,22408.867494285,147639.788570783,"CRC"
"KRAS G12A",87.6102087954601,22090.1353436522,147829.461471889,"CRC"
"KRAS G12A",87.7494088210989,21858.8957058239,148145.680782183,"CRC"
"KRAS G12A",87.8886088467376,21643.7409915264,148455.117717339,"CRC"
"KRAS G12A",88.0278088723763,21428.586277229,148723.094399059,"CRC"
"KRAS G12A",88.1670088980151,21146.3177792012,148978.080080313,"CRC"
"BRAF V600E",47.3949349760438,25905.5557722342,174881.495463442,"CRC"
"BRAF V600E",47.5374222539654,27637.3322233527,175714.246224113,"CRC"
"BRAF V600E",47.679909531887,29379.4950079107,176546.996984784,"CRC"
"BRAF V600E",47.8223968098087,31134.9311567981,177285.559671643,"CRC"
"BRAF V600E",47.9648840877303,32885.3110219272,177991.2179654,"CRC"
"BRAF V600E",48.1073713656519,34679.0667763154,178765.911278249,"CRC"
"BRAF V600E",48.2498586435735,36470.7020297803,179878.806624436,"CRC"
"BRAF V600E",48.3923459214951,38265.8146285719,180712.301330917,"CRC"
"BRAF V600E",48.5348331994167,39996.2282874652,181543.501548812,"CRC"
"BRAF V600E",48.6773204773383,41656.9715370409,182383.016372774,"CRC"
"BRAF V600E",48.81980775526,43335.8691508128,183225.078111761,"CRC"
"BRAF V600E",48.9622950331816,44978.4580361922,184043.281853447,"CRC"
"BRAF V600E",49.1047823111032,46623.7717066838,184874.504591497,"CRC"
"BRAF V600E",49.2472695890248,48194.4873040008,185707.255352168,"CRC"
"BRAF V600E",49.3897568669464,49959.7955006747,186540.006112839,"CRC"
"BRAF V600E",49.532244144868,51650.1729988373,187376.973078587,"CRC"
"BRAF V600E",49.6747314227896,53282.1742840708,188343.157944555,"CRC"
"BRAF V600E",49.8172187007112,55030.9976919058,189058.438685091,"CRC"
"BRAF V600E",49.9597059786329,56775.8451589062,189925.484262675,"CRC"
"BRAF V600E",50.1021932565545,58403.5761083153,190890.351643216,"CRC"
"BRAF V600E",50.2446805344761,60017.3034219432,192032.503460524,"CRC"
"BRAF V600E",50.3871678123977,61593.5059601855,192904.283521305,"CRC"
"BRAF V600E",50.5296550903193,63275.5852294718,193934.450079934,"CRC"
"BRAF V600E",50.6721423682409,64907.3770311007,194716.396808027,"CRC"
"BRAF V600E",50.8146296461625,66515.3981870002,195684.441360265,"CRC"
"BRAF V600E",50.9571169240842,68072.1524602365,196435.806565622,"CRC"
"BRAF V600E",51.0996042020058,69565.8330285447,197531.695659693,"CRC"
"BRAF V600E",51.2420914799274,71095.6401803661,198560.921412189,"CRC"
"BRAF V600E",51.384578757849,72546.0635309112,199537.836019794,"CRC"
"BRAF V600E",51.5270660357706,74036.1787820945,200494.498325769,"CRC"
"BRAF V600E",51.6695533136922,75583.3189870248,201460.800126164,"CRC"
"BRAF V600E",51.8120405916138,77023.3009891339,202633.244674033,"CRC"
"BRAF V600E",51.9545278695355,78566.5593882156,203697.685389406,"CRC"
"BRAF V600E",52.0970151474571,80201.1705112542,204625.97890609,"CRC"
"BRAF V600E",52.2395024253787,81685.0886468293,205676.838574515,"CRC"
"BRAF V600E",52.3819897033003,82999.2837917006,206683.600272705,"CRC"
"BRAF V600E",52.5244769812219,84466.9855403774,207582.564378149,"CRC"
"BRAF V600E",52.6669642591435,85957.1007915606,208238.908283215,"CRC"
"BRAF V600E",52.8094515370651,87419.9970269402,209156.67868025,"CRC"
"BRAF V600E",52.9519388149868,88740.3902469784,209992.865553868,"CRC"
"BRAF V600E",53.0944260929084,90061.9530316452,211099.030143136,"CRC"
"BRAF V600E",53.23691337083,91624.1038006319,212214.671206261,"CRC"
"BRAF V600E",53.3794006487516,93054.2764886138,213603.574910782,"CRC"
"BRAF V600E",53.5218879266732,94578.44055319,214489.47920918,"CRC"
"BRAF V600E",53.6643752045948,96015.2724962483,215520.949996916,"CRC"
"BRAF V600E",53.8068624825164,97335.2269727748,217026.646591938,"CRC"
"BRAF V600E",53.9493497604381,98885.5856530337,218205.55957031,"CRC"
"BRAF V600E",54.0918370383597,100173.704451145,219255.863024026,"CRC"
"BRAF V600E",54.2343243162813,101662.210509015,220300.117859531,"CRC"
"BRAF V600E",54.3768115942029,103130.224643394,221349.227415924,"CRC"
"BRAF V600E",54.5192988721245,104675.47259355,222508.693751392,"CRC"
"BRAF V600E",54.6617861500461,106219.29428082,223784.848700389,"CRC"
"BRAF V600E",54.8042734279677,107561.361040147,224916.079988551,"CRC"
"BRAF V600E",54.9467607058894,108819.359087713,225905.524973927,"CRC"
"BRAF V600E",55.089247983811,110351.613370034,226862.412327161,"CRC"
"BRAF V600E",55.2317352617326,111656.797576479,227995.402053295,"CRC"
"BRAF V600E",55.3742225396542,113125.063200668,228918.792776133,"CRC"
"BRAF V600E",55.5167098175758,114372.03415353,229824.376554252,"CRC"
"BRAF V600E",55.6591970954974,115606.887186355,230955.776052449,"CRC"
"BRAF V600E",55.801684373419,116866.488755595,232268.161525479,"CRC"
"BRAF V600E",55.9441716513407,118376.825143697,233586.578578469,"CRC"
"BRAF V600E",56.0866589292623,119731.532831327,234323.212898542,"CRC"
"BRAF V600E",56.2291462071839,121193.383410763,235650.399363689,"CRC"
"BRAF V600E",56.3716334851055,122659.668761901,237014.097368893,"CRC"
"BRAF V600E",56.5141207630271,123882.66320799,237949.888249803,"CRC"
"BRAF V600E",56.6566080409487,125261.916994562,239553.827325979,"CRC"
"BRAF V600E",56.7990953188703,126626.836440147,240629.869454203,"CRC"
"BRAF V600E",56.941582596792,127768.102570154,241936.382706817,"CRC"
"BRAF V600E",57.0840698747136,129238.826446464,243083.882027329,"CRC"
"BRAF V600E",57.2265571526352,130589.358351256,244330.956366121,"CRC"
"BRAF V600E",57.3690444305568,131760.200501307,245699.281839545,"CRC"
"BRAF V600E",57.5115317084784,132902.288226316,246990.214597953,"CRC"
"BRAF V600E",57.6540189864,134216.761529659,248321.183922353,"CRC"
"BRAF V600E",57.7965062643216,135423.556877869,249677.535865277,"CRC"
"BRAF V600E",57.9389935422433,136673.713525971,250972.648691612,"CRC"
"BRAF V600E",58.0814808201649,138154.958124329,252482.324097931,"CRC"
"BRAF V600E",58.2239680980865,139309.70643509,253623.116834149,"CRC"
"BRAF V600E",58.3664553760081,140619.952130193,254770.367859483,"CRC"
"BRAF V600E",58.5089426539297,141803.702726444,256279.503388922,"CRC"
"BRAF V600E",58.6514299318513,142926.033612863,257084.255897383,"CRC"
"BRAF V600E",58.7939172097729,144439.415650657,258832.342620568,"CRC"
"BRAF V600E",58.9364044876946,145819.033749241,259982.10767566,"CRC"
"BRAF V600E",59.0788917656162,147144.690946201,261281.475894641,"CRC"
"BRAF V600E",59.2213790435378,148313.004138322,262487.472715131,"CRC"
"BRAF V600E",59.3638663214594,149384.244094014,263796.890756656,"CRC"
"BRAF V600E",59.506353599381,150689.646872007,265325.574334986,"CRC"
"BRAF V600E",59.6488408773026,152044.735687704,266439.319212154,"CRC"
"BRAF V600E",59.7913281552242,153293.690187315,267982.355272567,"CRC"
"BRAF V600E",59.9338154331459,154585.639640692,269399.137290351,"CRC"
"BRAF V600E",60.0763027110675,155758.803650933,270861.088170265,"CRC"
"BRAF V600E",60.2187899889891,157015.564263336,272181.245144368,"CRC"
"BRAF V600E",60.3612772669107,157931.792956699,273215.301380796,"CRC"
"BRAF V600E",60.5037645448323,159257.258386926,274687.10056257,"CRC"
"BRAF V600E",60.6462518227539,160575.173508914,276200.062305936,"CRC"
"BRAF V600E",60.7887391006755,161768.989066902,277804.807255205,"CRC"
"BRAF V600E",60.9312263785972,162896.095463698,279454.27078051,"CRC"
"BRAF V600E",61.0737136565188,164036.721163383,280999.480066414,"CRC"
"BRAF V600E",61.2162009344404,165240.895492901,282191.041652808,"CRC"
"BRAF V600E",61.358688212362,166369.360187703,283686.426592095,"CRC"
"BRAF V600E",61.5011754902836,167465.75550903,285011.577915731,"CRC"
"BRAF V600E",61.6436627682052,168650.030200446,286469.211906828,"CRC"
"BRAF V600E",61.7861500461268,169873.344993098,288149.840768009,"CRC"
"BRAF V600E",61.9286373240485,171063.398503493,289768.590300209,"CRC"
"BRAF V600E",62.0711246019701,172249.943351586,291337.949003819,"CRC"
"BRAF V600E",62.2136118798917,173436.649555715,293189.733293453,"CRC"
"BRAF V600E",62.3560991578133,174744.421192784,294521.668757468,"CRC"
"BRAF V600E",62.4985864357349,175778.373743036,296152.165396631,"CRC"
"BRAF V600E",62.6410737136565,177211.707626596,297628.163842015,"CRC"
"BRAF V600E",62.7835609915781,178000.331278513,298841.561933121,"CRC"
"BRAF V600E",62.9260482694997,179098.909760878,300718.781225688,"CRC"
"BRAF V600E",63.0685355474214,180388.529305503,302475.986176904,"CRC"
"BRAF V600E",63.211022825343,181676.14812845,303958.265010109,"CRC"
"BRAF V600E",63.3535101032646,182868.829877739,305542.818534346,"CRC"
"BRAF V600E",63.4959973811862,183961.218882693,307520.354081198,"CRC"
"BRAF V600E",63.6384846591078,184897.88512908,309435.084341507,"CRC"
"BRAF V600E",63.7809719370294,186006.765658505,311145.645996501,"CRC"
"BRAF V600E",63.9234592149511,187168.579524358,312988.187929344,"CRC"
"BRAF V600E",64.0659464928727,188226.952725456,314380.388677741,"CRC"
"BRAF V600E",64.2084337707943,189277.79038209,315958.520465938,"CRC"
"BRAF V600E",64.3509210487159,190196.429020672,317440.994507712,"CRC"
"BRAF V600E",64.4934083266375,191252.802658473,319101.166722397,"CRC"
"BRAF V600E",64.6358956045591,192338.703572684,321105.210744675,"CRC"
"BRAF V600E",64.7783828824807,193450.748479987,322823.72790591,"CRC"
"BRAF V600E",64.9208701604023,194464.272613401,324561.506888152,"CRC"
"BRAF V600E",65.063357438324,195351.347264408,326354.641946808,"CRC"
"BRAF V600E",65.2058447162456,196261.411808089,327861.011264709,"CRC"
"BRAF V600E",65.3483319941672,197244.288663243,329562.128995363,"CRC"
"BRAF V600E",65.4908192720888,198278.77140066,330917.60565448,"CRC"
"BRAF V600E",65.6333065500104,199401.662354628,332585.139617582,"CRC"
"BRAF V600E",65.775793827932,200486.734104237,334438.457211683,"CRC"
"BRAF V600E",65.9182811058537,201375.805142499,335841.055271762,"CRC"
"BRAF V600E",66.0607683837753,202369.532947207,337221.32480503,"CRC"
"BRAF V600E",66.2032556616969,203415.376112645,338994.968513291,"CRC"
"BRAF V600E",66.3457429396185,204391.590115447,340616.893030961,"CRC"
"BRAF V600E",66.4882302175401,205463.176402498,342165.032541158,"CRC"
"BRAF V600E",66.6307174954617,206296.345778756,344275.275513868,"CRC"
"BRAF V600E",66.7732047733833,207398.048744023,346404.050801977,"CRC"
"BRAF V600E",66.9156920513049,208418.440975585,348366.283620772,"CRC"
"BRAF V600E",67.0581793292266,209366.175023562,350405.111450081,"CRC"
"BRAF V600E",67.2006666071482,210407.407217179,352158.071534647,"CRC"
"BRAF V600E",67.3431538850698,211474.891147709,354077.751166791,"CRC"
"BRAF V600E",67.4856411629914,212502.140366928,355769.917495168,"CRC"
"BRAF V600E",67.628128440913,213423.530735551,357597.669544979,"CRC"
"BRAF V600E",67.7706157188346,214459.462304784,359277.818228677,"CRC"
"BRAF V600E",67.9131029967562,215336.307432208,361167.36489416,"CRC"
"BRAF V600E",68.0555902746779,216197.454174906,362762.002872523,"CRC"
"BRAF V600E",68.1980775525995,217199.891593545,364526.132657369,"CRC"
"BRAF V600E",68.3405648305211,218180.163184231,366248.366227664,"CRC"
"BRAF V600E",68.4830521084427,219145.680124723,368505.376147417,"CRC"
"BRAF V600E",68.6255393863643,220311.205198881,370440.32972595,"CRC"
"BRAF V600E",68.7680266642859,221305.720181864,371861.281202226,"CRC"
"BRAF V600E",68.9105139422075,222126.260748621,373639.299120892,"CRC"
"BRAF V600E",69.0530012201292,223206.731158906,375775.552985312,"CRC"
"BRAF V600E",69.1954884980508,224402.929056251,377399.951863543,"CRC"
"BRAF V600E",69.3379757759724,225468.690524129,378946.143777839,"CRC"
"BRAF V600E",69.480463053894,226481.795992889,380729.219025054,"CRC"
"BRAF V600E",69.6229503318156,227485.316360604,382607.814002429,"CRC"
"BRAF V600E",69.7654376097372,228393.548927917,384265.996631679,"CRC"
"BRAF V600E",69.9079248876588,229291.892216147,386015.143836752,"CRC"
"BRAF V600E",70.0504121655805,230154.750679317,387520.145194558,"CRC"
"BRAF V600E",70.1928994435021,230837.872057387,389152.303403095,"CRC"
"BRAF V600E",70.3353867214237,231565.201610435,390959.389880716,"CRC"
"BRAF V600E",70.4778739993453,232285.784914428,393133.20858622,"CRC"
"BRAF V600E",70.6203612772669,233276.320366443,394689.459470158,"CRC"
"BRAF V600E",70.7628485551885,234138.123469555,396545.748669676,"CRC"
"BRAF V600E",70.9053358331101,234957.44264351,398428.66600711,"CRC"
"BRAF V600E",71.0478231110318,235974.565319747,399990.743873986,"CRC"
"BRAF V600E",71.1903103889534,236790.465547087,401677.201155014,"CRC"
"BRAF V600E",71.332797666875,237771.500431213,403692.716157049,"CRC"
"BRAF V600E",71.4752849447966,238623.256600691,405140.582817368,"CRC"
"BRAF V600E",71.6177722227182,239480.829533314,407138.381581861,"CRC"
"BRAF V600E",71.7602595006398,240341.050323148,409113.903356039,"CRC"
"BRAF V600E",71.9027467785614,241345.09865531,411243.79597066,"CRC"
"BRAF V600E",72.0452340564831,242404.745848396,412946.603477636,"CRC"
"BRAF V600E",72.1877213344047,243316.504158907,414891.463185014,"CRC"
"BRAF V600E",72.3302086123263,244403.099766958,416935.581840041,"CRC"
"BRAF V600E",72.4726958902479,245177.061004905,418900.006466346,"CRC"
"BRAF V600E",72.6151831681695,245855.165670353,420912.630655316,"CRC"
"BRAF V600E",72.7576704460911,246810.566294292,422923.917063867,"CRC"
"BRAF V600E",72.9001577240127,247816.604575351,424933.359006906,"CRC"
"BRAF V600E",73.0426450019343,248865.572133383,426796.907537073,"CRC"
"BRAF V600E",73.185132279856,249916.518762177,428653.732162423,"CRC"
"BRAF V600E",73.3276195577776,250791.123813499,430525.368184169,"CRC"
"BRAF V600E",73.4701068356992,251749.73326787,432428.98826728,"CRC"
"BRAF V600E",73.6125941136208,252641.862220033,434138.806201514,"CRC"
"BRAF V600E",73.7550813915424,253451.582134941,436018.212058285,"CRC"
"BRAF V600E",73.897568669464,254384.133698271,438040.458427302,"CRC"
"BRAF V600E",74.0400559473857,255331.034398584,440071.798660793,"CRC"
"BRAF V600E",74.1825432253073,256227.425124768,442100.263169883,"CRC"
"BRAF V600E",74.3250305032289,257125.471990905,444134.150751534,"CRC"
"BRAF V600E",74.4675177811505,257962.445280593,446168.038333185,"CRC"
"BRAF V600E",74.6100050590721,258916.597303319,448192.288657323,"CRC"
"BRAF V600E",74.7524923369937,259771.199218924,450082.196875369,"CRC"
"BRAF V600E",74.8949796149153,260548.496918402,451942.826987736,"CRC"
"BRAF V600E",75.0374668928369,261605.76948187,453959.0627298,"CRC"
"BRAF V600E",75.1799541707586,262480.320851289,456041.109680955,"CRC"
"BRAF V600E",75.3224414486802,262978.448793579,458123.15663211,"CRC"
"BRAF V600E",75.4649287266018,264051.748334822,460205.203583265,"CRC"
"BRAF V600E",75.6074160045234,264949.802071743,462284.115372994,"CRC"
"BRAF V600E",75.749903282445,265589.65728624,464159.386474632,"CRC"
"BRAF V600E",75.8923905603666,266440.818840252,465835.123817916,"CRC"
"BRAF V600E",76.0348778382883,267500.2127353,467510.861161201,"CRC"
"BRAF V600E",76.1773651162099,268188.901349763,469186.598504486,"CRC"
"BRAF V600E",76.3198523941315,268868.593382161,470875.296902491,"CRC"
"BRAF V600E",76.4623396720531,269938.109889252,472683.147409996,"CRC"
"BRAF V600E",76.6048269499747,270814.836079539,474710.931523026,"CRC"
"BRAF V600E",76.7473142278963,271461.723015413,476436.510756723,"CRC"
"BRAF V600E",76.8898015058179,272481.513027894,478319.818844159,"CRC"
"BRAF V600E",77.0322887837395,273558.225458501,480334.79648384,"CRC"
"BRAF V600E",77.1747760616612,274462.632439797,482279.900392941,"CRC"
"BRAF V600E",77.3172633395828,275343.833943054,484312.043234142,"CRC"
"BRAF V600E",77.4597506175044,276062.056761684,486122.141576717,"CRC"
"BRAF V600E",77.602237895426,276786.054041512,488254.438003318,"CRC"
"BRAF V600E",77.7447251733476,277583.636224589,490406.366038799,"CRC"
"BRAF V600E",77.8872124512692,278374.520767521,492390.785227051,"CRC"
"BRAF V600E",78.0296997291909,279149.889652484,494199.702768158,"CRC"
"BRAF V600E",78.1721870071125,279901.21817883,496008.620309265,"CRC"
"BRAF V600E",78.3146742850341,280565.361395432,497826.273438235,"CRC"
"BRAF V600E",78.4571615629557,281257.649645548,499647.04002273,"CRC"
"BRAF V600E",78.5996488408773,281921.669224126,501673.117013356,"CRC"
"BRAF V600E",78.7421361187989,282585.88587066,503707.191244828,"CRC"
"BRAF V600E",78.8846233967205,283305.57258791,505462.263778195,"CRC"
"BRAF V600E",79.0271106746421,283999.41452935,507266.930338302,"CRC"
"BRAF V600E",79.1695979525638,284717.619974314,509248.639492966,"CRC"
"BRAF V600E",79.3120852304854,285384.60980933,511230.348647631,"CRC"
"BRAF V600E",79.454572508407,286164.500765529,513212.057802295,"CRC"
"BRAF V600E",79.5970597863286,287087.113725813,515193.76695696,"CRC"
"BRAF V600E",79.7395470642502,288147.85080786,517252.686333894,"CRC"
"BRAF V600E",79.8820343421718,289051.895611447,519322.897055744,"CRC"
"BRAF V600E",80.0245216200935,289790.127427578,521406.91751452,"CRC"
"BRAF V600E",80.1670088980151,290916.273635007,523344.004139276,"CRC"
"BRAF V600E",80.3094961759367,291742.529330694,525283.399580206,"CRC"
"BRAF V600E",80.4519834538583,292518.964518255,527190.625057617,"CRC"
"BRAF V600E",80.5944707317799,293395.992073933,529098.968230712,"CRC"
"BRAF V600E",80.7369580097015,294294.22874506,531029.536204755,"CRC"
"BRAF V600E",80.8794452876231,294924.136080277,533010.560475264,"CRC"
"BRAF V600E",81.0219325655447,295539.318026348,534991.584745773,"CRC"
"BRAF V600E",81.1644198434664,296291.505907807,536972.609016282,"CRC"
"BRAF V600E",81.306907121388,297135.072664777,538908.98324695,"CRC"
"BRAF V600E",81.4493943993096,297974.329126356,540739.162966004,"CRC"
"BRAF V600E",81.5918816772312,298829.223945484,542565.571996998,"CRC"
"BRAF V600E",81.7343689551528,299678.178742097,544627.96571726,"CRC"
"BRAF V600E",81.8768562330744,300516.760268147,546672.88638365,"CRC"
"BRAF V600E",82.019343510996,301171.791318441,548527.602525807,"CRC"
"BRAF V600E",82.1618307889177,301939.331115896,550551.619970214,"CRC"
"BRAF V600E",82.3043180668393,302839.827153223,552597.09053666,"CRC"
"BRAF V600E",82.4468053447609,303760.617939558,554641.136583523,"CRC"
"BRAF V600E",82.5892926226825,304681.408725894,556685.182630386,"CRC"
"BRAF V600E",82.7317799006041,305602.19951223,558729.228677249,"CRC"
"BRAF V600E",82.8742671785257,306466.391327575,560744.900262387,"CRC"
"BRAF V600E",83.0167544564473,307314.298445889,562725.924532896,"CRC"
"BRAF V600E",83.1592417343689,308155.359477029,564706.948803405,"CRC"
"BRAF V600E",83.3017290122906,308664.291838463,566687.973073914,"CRC"
"BRAF V600E",83.4442162902122,309594.41451542,568587.236585474,"CRC"
"BRAF V600E",83.5867035681338,310528.528432068,570650.021614932,"CRC"
"BRAF V600E",83.7291908460554,311273.914364261,572631.04588544,"CRC"
"BRAF V600E",83.871678123977,312019.14998634,574612.070155949,"CRC"
"BRAF V600E",84.0141654018987,312764.385608418,576593.094426458,"CRC"
"BRAF V600E",84.1566526798203,313509.621230496,578574.118696967,"CRC"
"BRAF V600E",84.2991399577419,314254.856852575,580555.142967476,"CRC"
"BRAF V600E",84.4416272356635,315000.092474653,582462.405300177,"CRC"
"BRAF V600E",84.5841145135851,315745.328096731,584333.61300022,"CRC"
"BRAF V600E",84.7266017915067,316490.563718809,586148.16472665,"CRC"
"BRAF V600E",84.8690890694283,317235.799340888,588076.028400306,"CRC"
"BRAF V600E",85.0115763473499,318080.855103135,589947.236100349,"CRC"
"BRAF V600E",85.1540636252716,318788.02172869,591818.443800392,"CRC"
"BRAF V600E",85.2965509031932,319495.188354245,593689.651500434,"CRC"
"BRAF V600E",85.4390381811148,320284.765250398,595560.859200477,"CRC"
"BRAF V600E",85.5815254590364,321209.341841315,597327.283754226,"CRC"
"BRAF V600E",85.724012736958,322133.918432231,599115.4573939,"CRC"
"BRAF V600E",85.8665000148796,322939.721598223,601065.860559257,"CRC"
"BRAF V600E",86.0089872928012,323515.678385042,603199.702485001,"CRC"
"BRAF V600E",86.1514745707229,324091.635171861,605339.261344501,"CRC"
"BRAF V600E",86.2939618486445,324688.15556167,607478.820204,"CRC"
"BRAF V600E",86.4364491265661,325433.391183749,609618.3790635,"CRC"
"BRAF V600E",86.5789364044877,326228.700929131,611757.937922999,"CRC"
"BRAF V600E",86.7214236824093,327088.033938918,613897.496782499,"CRC"
"BRAF V600E",86.8639109603309,327947.366948705,615769.06635752,"CRC"
"BRAF V600E",87.0063982382525,328803.081055478,617617.927332025,"CRC"
"BRAF V600E",87.1488855161741,329273.096987027,619460.173938196,"CRC"
"BRAF V600E",87.2913727940958,329972.779151723,621302.420544367,"CRC"
"BRAF V600E",87.4338600720174,330650.040538297,623144.667150538,"CRC"
"BRAF V600E",87.576347349939,331395.276160375,624986.913756709,"CRC"
"BRAF V600E",87.7188346278606,332140.511782453,626821.165759279,"CRC"
"BRAF V600E",87.8613219057822,332885.747404532,628653.246867739,"CRC"
"BRAF V600E",88.0038091837038,333630.98302661,630485.327976199,"CRC"
"BRAF V600E",88.1462964616255,334376.218648688,632317.409084659,"CRC"
"BRAF V600E",88.2887837395471,335121.454270766,634149.490193119,"CRC"
"BRAF V600E",88.4312710174687,335866.689892845,635981.571301579,"CRC"
"BRAF V600E",88.5737582953903,336611.925514923,637813.65241004,"CRC"
"BRAF V600E",88.7162455733119,337357.161137001,639855.463043141,"CRC"
"BRAF V600E",88.8587328512335,338102.396759079,641735.838850424,"CRC"
"BRAF V600E",89.0012201291551,338847.632381158,643732.819134243,"CRC"
"BRAF V600E",89.1437074070768,339586.235088552,645729.799418063,"CRC"
"BRAF V600E",89.2861946849984,340336.852377112,647726.779701883,"CRC"
"BRAF V600E",89.42868196292,341161.817194702,649723.759985702,"CRC"
"BRAF V600E",89.5711692408416,342009.304479931,651720.740269521,"CRC"
"BRAF V600E",89.7136565187632,342856.791765159,653717.720553341,"CRC"
"BRAF V600E",89.8561437966848,343704.279050387,655714.700837161,"CRC"
"BRAF V600E",89.9986310746064,344551.766335616,657711.68112098,"CRC"
